,ISIC 01T03,ISIC 05,ISIC 06,ISIC 07T08,ISIC 09,ISIC 10T12,ISIC 13T15,ISIC 16,ISIC 17T18,ISIC 19,ISIC 20,ISIC 21,ISIC 22,ISIC 231,ISIC 239,ISIC 241,ISIC 242,ISIC 25,ISIC 26,ISIC 27,ISIC 28,ISIC 29,ISIC 30,ISIC 31T33,ISIC 351,ISIC 352T353,ISIC 36T39,ISIC 41T43,ISIC 45T47,ISIC 49T53,ISIC 55T56,ISIC 58T60,ISIC 61,ISIC 62T63,ISIC 64T66,ISIC 68,ISIC 69T82,ISIC 84,ISIC 85,ISIC 86T88,ISIC 90T96,ISIC 97T98
ISIC 01T03,1.0937791088913968,0.0015303932614859023,0.0002940758811051264,0.0012211241050246542,0.0004522488850099802,0.13501337622001713,0.018577536736086957,0.06596265356014798,0.012316610398292627,0.00029685031154397246,0.01666813348789242,0.0014544433595872447,0.005592167523349904,0.0009200813451663641,0.0008994898424656102,0.00039220045811293153,0.00032110161126300697,0.0004966594594862862,0.00025083773714484686,0.0005063174256359691,0.00045072519659830954,0.0005484826562422002,0.00031961506333254855,0.0014933531284128494,0.0001783626470970348,9.873781924244377e-05,0.0002204103439637524,0.0017336887549985961,0.0010963594971538219,0.0004165588097810854,0.006619453491418633,0.0006299645935087256,0.00033161061629444444,0.00042057200321917745,0.00023935109897975517,0.0002433753463629926,0.0007474268283799637,0.0026353863583698676,0.001852326108520128,0.0011775534236646678,0.002231254124026583,0.0
ISIC 05,0.0,1.0,0.0,0.0,0.0,0.0,0.0,0.0,0.0,0.0,0.0,0.0,0.0,0.0,0.0,0.0,0.0,0.0,0.0,0.0,0.0,0.0,0.0,0.0,0.0,0.0,0.0,0.0,0.0,0.0,0.0,0.0,0.0,0.0,0.0,0.0,0.0,0.0,0.0,0.0,0.0,0.0
ISIC 06,3.2684268642409165e-06,5.689543617375082e-06,1.0001006712009712,8.128149903273067e-06,2.3482133267912343e-06,1.7808547504200268e-06,2.584114863232595e-06,2.610934570815458e-06,4.2465721391051905e-06,0.00031114736666768423,1.410925422173142e-05,1.0695155429352103e-06,3.53652318492328e-06,4.874017682234848e-06,3.984697114530914e-06,3.2496688927031583e-06,2.491723080242266e-06,1.7913506257309632e-06,5.033294422503755e-07,2.053131591282848e-06,1.1556163617010163e-06,8.021341490079586e-07,6.97504195463214e-07,1.050403592393966e-06,3.0972089148372015e-05,0.00017689770283070013,1.3233936396896157e-06,3.786541478195333e-06,1.2858356595948354e-06,1.0014396672972577e-05,1.5932778895671335e-06,7.401410270504788e-07,6.335862167747619e-07,6.679611527495913e-07,1.1145554577183978e-06,1.647048178127426e-06,6.66481287389048e-07,1.2618143383739457e-05,1.7029361135213122e-06,1.0114297669128442e-06,9.408106558858845e-07,0.0
ISIC 07T08,0.0015990167113678802,0.004045551876626725,0.00020764303654167255,1.0116646902194772,0.00029607896620327556,0.0004063047974209238,0.00039133728246026146,0.0003814834254471099,0.0010832049692333717,0.0005392231356419741,0.0034694542440987246,0.0001662278945042099,0.0006932501420959351,0.011421599490546464,0.026506033798019586,0.013065698102531498,0.018405737380600112,0.002135988797869665,0.00020164180307420736,0.0013966219346463647,0.0009421521467841615,0.0007564320454524381,0.0005320788297213621,0.0005455640885749317,0.00044567541000346285,4.811287100124322e-05,0.0006386816927950641,0.004302275021622301,9.052679621414679e-05,0.0001533945463058665,0.00014432588685180163,0.00020742296407879864,0.00025678634577344016,0.00024135983329012285,6.0783968554209035e-05,0.00019080886718552802,0.00019986569449612212,0.0003429047232841486,0.00028388657864470606,0.00018177298677754617,0.0008217832273209585,0.0
ISIC 09,7.838427238865161e-06,0.003005461822316082,0.008985161533344142,0.004898635026603615,1.0016385200494946,2.116957833009081e-06,2.1269315043880053e-06,2.0211869059625704e-06,5.505141852184743e-06,5.448564088014296e-06,1.7067003173217376e-05,1.157053398336975e-06,3.5600362564886982e-06,5.5554765347685466e-05,0.00012859412934533728,6.345317173995635e-05,8.927648518936075e-05,1.0614232110669332e-05,1.359677268592655e-06,6.915832443822425e-06,4.792664527054263e-06,3.80428738509293e-06,2.8502894128548e-06,2.837460695076142e-06,2.608273798644652e-06,1.9966322432076055e-06,3.2815573789796968e-06,2.1027724878828895e-05,8.420946276972171e-07,1.0410456069727868e-06,1.124896861819435e-06,1.5485378759437242e-06,1.7695933917432727e-06,1.6772393129162494e-06,6.451142325943312e-07,1.1395523550289303e-06,4.037519352161219e-06,2.0348758802831207e-06,1.551724439326047e-06,1.2107354869655105e-06,4.233198403169734e-06,0.0
ISIC 10T12,0.06869659170932509,0.0003602375993868616,0.0002905089367413612,0.0004713592923778341,0.0005125087360081565,1.1367864023444751,0.015453538650004147,0.005012790340932595,0.010138963246239375,0.0005446718817774804,0.004609921976482884,0.004322416376093817,0.0017229997595513483,0.0007297024610537038,0.001969819022995229,0.0006888267097395575,0.00035931922028572877,0.00055813852240339,0.00033032681025413975,0.0004091031387988205,0.0004622307267902217,0.00036799256200306825,0.0003683444272272632,0.0006450266051994598,0.00044648202564370303,0.0003385170366741713,0.0004337959840346392,0.000395098014644053,0.0024110429265778756,0.0013520796383631273,0.04456706854473167,0.0014361132026028745,0.0008483250183997019,0.0011513921666317843,0.0008498786265305958,0.0005279952795492919,0.0018303166879187968,0.011720246258623975,0.012923398764102373,0.007427855797091187,0.01250384466473748,0.0
ISIC 13T15,0.0005950228026334819,0.00017564356924298612,7.99661216946589e-05,0.00019238275566112582,0.00012912807711324916,0.0005911772650531251,1.0916006015522772,0.003714865890307608,0.012915962813999062,7.675875240521543e-05,0.0003025360653744883,0.00019290719858412294,0.005066931767371387,0.000425188988959184,0.0020663588985384736,0.00032667889495203577,0.000186065807966981,0.00022395960531226564,0.00010532610895222969,0.00026795633459669743,0.001857927547989124,0.005604233336230147,0.002780554457367872,0.0070333629775357,9.003009229755853e-05,5.3587532865996784e-05,0.0007453253772670695,0.001257849675628592,0.0012583704193707495,0.00041427497121605995,0.0007056020169938309,0.0005526900817207219,0.00042048758815295515,0.00024512250872572817,0.00012605971814911101,0.00020733506988561146,0.0002528043101178965,0.0011467229444440338,0.00024790968394147,0.001038259810610984,0.0009911778668340258,0.0
ISIC 16,0.0003267243824664965,0.0005097722254872064,8.386581679735008e-05,0.0004252853444930405,0.00032915066764241174,0.0003630428078526088,0.0002328128223438675,1.047986433538857,0.005763729113056891,7.563487231018424e-05,0.0002888540359400121,0.00011798650080417807,0.00133962117165084,0.0007139084091179437,0.0013225831693595071,0.00023193818784957585,0.0009435405173541973,0.000316267015180816,0.00043505046255692075,0.0005796406797898588,0.0006679744507801553,0.0014092806565492392,0.0003749749643845881,0.004145332040916153,0.00014018409305974466,6.501435823001862e-05,0.00012643739088763226,0.006713369445999448,0.0004604082827986522,0.0006146502641591634,0.0004614708178398443,0.0004171375628657651,0.00046555890570192424,0.0006916141648031132,0.0001341378743523475,0.0006813640903193232,0.00020626791507479718,0.0006578672946404595,0.00015683143720127908,0.0003824747362287123,0.00023568125244352182,0.0
ISIC 17T18,0.0035841572769653414,0.003272909772440729,0.0017056897968456416,0.004475878070918093,0.0019746861416794857,0.030560432274441832,0.011154761363031122,0.008617041824970969,1.1985861650051546,0.0008013650550189174,0.014609466851481196,0.00998470743036466,0.022738272753897268,0.02373042059221334,0.015560807774977372,0.007245261919792982,0.009245584415227786,0.010216277443040432,0.003498057182485625,0.011470549265320724,0.008416490192498013,0.006511580361842877,0.004743491553955615,0.01087171023895822,0.0010626057701816224,0.0008823745052609226,0.002964880338449189,0.0038653979769547957,0.008791457605237894,0.007008885299436336,0.009522517242663488,0.028912406245101524,0.0054411528240817,0.012481630399588096,0.004696660794535906,0.001796610667103946,0.007426623996574829,0.012630050937128445,0.005193726610952543,0.008098932707749687,0.005618759996552712,0.0
ISIC 19,0.005982939723583337,0.01535163666845941,0.0052070388544718125,0.017444699655424174,0.00671322362903701,0.0023664343262244747,0.0016936120334822933,0.004152589739320479,0.004604191120113378,1.0084168558207538,0.005968835118078793,0.000980047811446396,0.002818633386448868,0.004678477047971372,0.0038538506801978544,0.005012111296691337,0.0022859324940346323,0.0018908442540700207,0.0006500446278022633,0.003959429733759355,0.0018117789680344974,0.000841944452414447,0.0008700497202623277,0.001532592338413386,0.008319992212491974,0.0006135336261366951,0.002795094365832702,0.01095921794293432,0.002189587075988384,0.02994345944399801,0.0019737190650815565,0.0011427540564681654,0.0009631130368075925,0.0012890834945639069,0.002319667584519775,0.0014702144853928631,0.001111326649816022,0.012948884820992351,0.0011730144778652923,0.0016087899735595592,0.001529140079986464,0.0
ISIC 20,0.05242905485594572,0.020291297571225525,0.014769005853532469,0.02384875683175462,0.008845634781617897,0.016006077471121104,0.10118479833293971,0.02573204798034348,0.06706995432920798,0.014906634487475966,1.2126676690387872,0.039718104471338465,0.17224414035627736,0.038502391102550895,0.025138495690412894,0.007083051182435984,0.006300735674707919,0.01931698556935205,0.006964316634926226,0.019706653058185673,0.013301969692833067,0.014939042284345855,0.008340435195234959,0.020725546192151806,0.0037598079334059085,0.0006507770799943317,0.005879953707410977,0.011416192812076465,0.0033462841990302083,0.0035425283686866763,0.003577661224844039,0.005661684868397206,0.003429784837429513,0.003374126035124184,0.0014184878419927266,0.003202858511464058,0.0056547832340574965,0.010018092067323065,0.0027673897345658785,0.006732870121035906,0.0025539909618547667,0.0
ISIC 21,0.0020608143330183757,8.95280379837896e-05,0.00010971580224653848,0.00011934084073964822,0.00012132615683199086,0.0012100438980771197,0.00013143750014442212,0.0008277572338928769,0.00012583013917334842,2.0013968398011997e-05,9.058114339191522e-05,1.1542282977162233,8.366447968817776e-05,0.0001169084826912102,9.59996319938795e-05,0.0001037625973030352,6.637572643010986e-05,0.00010906964884912674,0.00013787646115617178,5.999526942185016e-05,9.000994540316551e-05,5.494100929139446e-05,0.00010402101406311913,8.522648707413829e-05,7.739977637579996e-05,8.400870688315073e-05,7.301616548608338e-05,0.00023381180814100017,0.0003714949722627737,0.00011271327099189197,0.00022550142744817906,0.0002472465473702286,0.00023149063153691147,0.000194834373662725,0.00018469481421046663,9.72560700184754e-05,0.0010892059375679517,0.0009528376994234727,9.171149090659057e-05,0.014680245116879275,0.0010759586787881556,0.0
ISIC 22,0.004114740845603725,0.00893576631188067,0.0010560593393413834,0.009916216362519388,0.003958384233862802,0.016766041046553513,0.007565347205552202,0.007055927144868029,0.013889029949622116,0.0008726790375600534,0.015284634109055346,0.008757810770629197,1.0570875902656864,0.013048561983093558,0.009298650671926256,0.0035551364394441672,0.003206595064361717,0.006555541598754923,0.004360595816354031,0.011255905448197873,0.015279971660555608,0.02469663907166371,0.009730115135292776,0.023185395994734848,0.0007216316220044294,0.0003871008130879995,0.002253465104933442,0.016938506704102435,0.005233659852872281,0.004477251150819117,0.006013268284839359,0.005210888037386667,0.005477982984904612,0.002419944042980412,0.0008284987988758799,0.001500321718802851,0.0022956516775846994,0.004270706766322596,0.001760301224049834,0.004669717525997535,0.0013028543595947348,0.0
ISIC 231,0.00015453501013056853,4.5195813466505273e-05,3.4302724741710145e-05,5.8989228398628244e-05,4.1692743659476535e-05,0.002001820467729007,0.000715314618547861,0.000570442566064898,9.013568262443569e-05,0.00013487225143026736,0.00039156523487774965,0.0006946483676925632,0.0008620695256119407,1.0307074689472802,0.0019330261384665963,6.006228194351231e-05,4.561113807344748e-05,0.00023561779233531742,0.00016836471613128082,0.003561499049995969,0.00021921329606835205,0.0026515733874554245,0.0003026967393130988,0.00031123013064480114,2.314969261713527e-05,1.592540444235459e-05,3.923397064546877e-05,0.00045227889141330333,8.100486506879337e-05,5.752110055042941e-05,0.00025363740894429225,5.5352336133547294e-05,8.946225719259446e-05,6.386223866100694e-05,4.271306856505408e-05,3.959881276750045e-05,0.00017849826032509945,0.00013562534091330684,7.417611163958973e-05,0.0003920634338888456,5.231998847919282e-05,0.0
ISIC 239,0.00036387988407082865,0.0026030621270298152,0.001677725510238423,0.003912678017118976,0.0025585762313421506,0.00027771408980766134,0.00028703536942921887,0.004052312399722718,0.0017313769613627526,0.000668816031436706,0.0013218039687271012,0.00020406468285710927,0.002372667963049168,0.016266360321813403,1.0577192721801694,0.008105547139429913,0.0007773469538269572,0.0025299103448781814,0.0005196035182672416,0.0026536280438411992,0.0033520975865373778,0.002017111891517625,0.0005723913451223335,0.0014688611795273196,0.00046635215712486743,0.00014619248681781874,0.00043674431513402546,0.021818338006657785,0.00041714183889655557,0.0003731914683667023,0.000947941167492687,0.0005514870434442317,0.0019537174734035032,0.0009762543695301569,0.00022937221091024818,0.0009247769617801888,0.0005994750724268925,0.00142948982595012,0.00026652372882774366,0.0005905626153744936,0.000396079979784353,0.0
ISIC 241,0.0005433306889724033,0.0016764644499465816,0.004603077644500768,0.005690813013452947,0.0020364578867519295,0.0012808992722194161,0.001536163709177972,0.003013347055653875,0.0023837863550859283,0.0001352802520437002,0.0013967580020662989,0.00026782150339224424,0.003943445322514542,0.0011873139272951647,0.0033721241860690393,1.0354590785924525,0.004480020756244211,0.06972660995080412,0.002034076608224551,0.019960650417296714,0.03321433863633468,0.026050088934423146,0.01473259006006312,0.007704411726197064,0.0002085176015135787,0.00020979819169527066,0.0018459502459842766,0.004761363343904973,0.00038076436587819413,0.0011219290233693933,0.00045699930228694535,0.0009561104069356038,0.001011695228009187,0.0006225833270305141,0.0001526739378294125,0.0004486609607998402,0.0004202417090034391,0.0007696851950698043,0.00038786252638667047,0.0004446779072830889,0.0005483645966279869,0.0
ISIC 242,0.0005293746114806118,0.0006782730489428475,0.0009075938600311296,0.0008960540876992761,0.000575557007748563,0.004274513862679049,0.0007171517848970242,0.0019844138587410617,0.002264013469764831,9.590826670018397e-05,0.0008172255157433006,0.00018305121047000548,0.0019485250196663027,0.0007051344706262329,0.0016403193052944222,0.019795290549557126,1.1524217117934215,0.0367010562092397,0.0061567537854863305,0.047425870355600946,0.01510669585754531,0.016218594671141614,0.00805623533515865,0.006799877214082789,0.00012751326455476533,0.0001232927761428188,0.0008267010142466879,0.0030858013071981306,0.00044698757904304705,0.00034125150716372014,0.00045943383504219834,0.0005849009295387143,0.0008293458559745781,0.0005283177862275908,0.00011227327894502596,0.00021402936779497662,0.0003241472513314215,0.0006368478207562778,0.00022128294210826773,0.00031717808217609583,0.00029622888336599363,0.0
ISIC 25,0.005868791966713645,0.012754494776363446,0.02073029465382748,0.01663129911923115,0.010312692676182858,0.018156208637426445,0.016582056483605126,0.026894984405509314,0.03147365625296602,0.001670549143360441,0.018879199254614835,0.0032288534901406,0.03480061004800202,0.015164325998199588,0.033828616548002274,0.018299663764919427,0.029132711926680214,1.1111984706174307,0.019163723237398997,0.07027667868111519,0.07223399522047752,0.06346215738087543,0.04683326620468129,0.026778990104799547,0.0019035664187412383,0.002708420747752687,0.013466081943096715,0.05646022677794978,0.0031759046704900973,0.006224499643408239,0.005031608553480208,0.012176544927843229,0.012784586134201671,0.0063602767138964495,0.0013473094360501928,0.0033253965625565604,0.003288570424977984,0.008103354260772406,0.002331928794585232,0.003109811461176539,0.0034172496184905945,0.0
ISIC 26,0.0006705779297291379,0.0008892871035049292,0.000755364442062626,0.0008923839903494936,0.001558820484129409,0.0019718598130469343,0.005263095068075562,0.004636691506490889,0.006454328896346407,0.0003333103785164539,0.005670888117543614,0.0008253682469976712,0.005892962291920845,0.005987239732498445,0.0053501654279950244,0.0030295277031568307,0.006328497329218935,0.007536811622993407,1.0484874612967132,0.018754611142042608,0.012734415958001481,0.011583897945251215,0.02827917608535114,0.00843718974849049,0.00047175462772953096,0.00031712579221863653,0.003287655488062178,0.0036540594422499848,0.0023327451781872317,0.0007637778456880484,0.0008851920612666986,0.006352861174880939,0.013040417983607883,0.007319452141431765,0.0007845810045117204,0.0005095526356054686,0.002433402832403291,0.005551413160319947,0.0011197723319991452,0.0022940717448023482,0.0005339374536427305,0.0
ISIC 27,0.0010660725478672127,0.0007182869025362152,0.0006265999258483198,0.0009114402298989118,0.000993953419248168,0.000751194421600689,0.0006045255119191966,0.0031046376186653827,0.001423195889960154,0.00021231683285620614,0.0011013592184861718,0.0003291070826866647,0.002785931569979754,0.001426734320292803,0.0007327149013440804,0.002922532633366331,0.006107237719856404,0.004140564222685107,0.004056704568793875,1.02845318503347,0.014170190325731849,0.004759196771962558,0.004107873652280291,0.0026973600368700636,0.00037346395736237073,0.00017029147183706864,0.0015907160456447333,0.01382273463534888,0.0005206065838348589,0.0006905517830501541,0.0007587722364275564,0.00045847724066266996,0.003099690624752822,0.0018232030005543613,0.00032091548136369816,0.0007234186618003181,0.001166999504796301,0.0016066151970918578,0.0008101943066975564,0.000586365625618362,0.0005602189667028067,0.0
ISIC 28,0.003912109167250673,0.015210197089603115,0.010102515425619329,0.015456461939831946,0.010365103743341242,0.0023578292728090675,0.0009061102089917244,0.0035756655284234482,0.004205073329199968,0.00026450479302911453,0.0032013354802206515,0.00034617063070138963,0.0038233944137711705,0.002335956401009442,0.0013264777767208423,0.002056757925154853,0.0034689379841192523,0.006527235529131046,0.0008512804741579212,0.005639001161709288,1.0383057526621466,0.017294819871952062,0.008017475544154978,0.00671437038623781,0.0010764404609093082,0.0001934591852399033,0.006796859729468347,0.01202700809338057,0.0010166877847188277,0.0011926766034766488,0.0008439820604303536,0.0025523837661726037,0.0010147260570271624,0.001879056789477832,0.000278885169197917,0.0008713397923325773,0.0007821932584875401,0.001564338964050768,0.0017711237787891023,0.0007962496351432567,0.0005027590257563263,0.0
ISIC 29,0.00010000512145000331,0.00038130712369416835,0.0001353362031789642,0.000499410013755308,0.0001569842735110341,0.00015534106892662212,8.373361922764706e-05,0.0002994680411858475,0.0002605307827324968,1.3953374972539222e-05,0.0001237532288667059,5.100773312833801e-05,0.00012238517334335692,0.00016429749571886512,0.0002839671399647976,0.00016463852589225167,0.00013882714168551359,0.00022401790929585275,8.711613785419874e-05,0.00015610001902019937,0.0017480290156798128,1.011370108395073,0.0005738199257590066,0.00014404120941398905,3.240101879604915e-05,1.7316194759539603e-05,0.0003768737715463642,0.00013017696256510436,0.00040406896428273,0.0003142600411928469,5.890915261761294e-05,0.00018942931844153987,7.502434704185552e-05,4.866070952934166e-05,2.4825539118137235e-05,3.8206794325522356e-05,0.00013750718242328046,0.00018636155700483165,4.976618652876974e-05,7.78522854847691e-05,3.541056948336486e-05,0.0
ISIC 30,0.0001878815104222834,0.0006719556931509336,2.6855508624000098e-05,6.70005414147832e-05,3.442005815787805e-05,4.4763421078099036e-05,3.707664218835092e-05,0.0003863821464025144,5.692370629898738e-05,9.978365095456278e-06,3.630024338541093e-05,2.493737969849736e-05,3.897678701999801e-05,4.107945431884067e-05,6.574023930423011e-05,4.889464437818582e-05,3.07934915540464e-05,0.00014358741941877606,4.155633909119788e-05,4.570153099436172e-05,0.0004608998057915947,0.0004940490847515607,1.113824966145665,0.00021156215702716367,8.799429486143843e-05,4.9778255869978705e-05,0.00016912627962271023,3.251930813754752e-05,0.00017513475039996888,0.003697314135526955,7.67460655902607e-05,7.962989562387796e-05,5.386198522014608e-05,8.13822007739052e-05,9.799020652239225e-05,3.0804852992058746e-05,0.0001207000971781206,0.006898928195589989,4.0562134543573015e-05,6.259657892251626e-05,7.483257455262322e-05,0.0
ISIC 31T33,0.0021336749893442397,0.0017249141608295037,0.0013610122544947185,0.002415760627647255,0.004112154769916526,0.0022315663331601955,0.005283490759348099,0.009496462033784767,0.005257573311489847,0.0009865553908581786,0.004908049263427573,0.0021472646706688124,0.005441282069710391,0.0068064131386453225,0.0058386952887487355,0.004530958224210089,0.0033390820328577345,0.003791212050658449,0.0023892270649306423,0.007086398234387202,0.009132409784818017,0.004089401412431224,0.0025203496326431855,1.0247656862255892,0.001286527935648653,0.001798077242324598,0.01128368532062966,0.015063753335402132,0.007775061224686308,0.004674044501683104,0.007858035334828078,0.003928452009063122,0.0061708599024841585,0.004568964705583209,0.003788468692564673,0.005173255066376375,0.004847435256684548,0.00889587050201933,0.0040593693569894,0.018839784204940032,0.007275000857471605,0.0
ISIC 351,0.006412914510406785,0.02238597713345162,0.009505214864455455,0.03951484446854756,0.002240483150358685,0.009481705886670178,0.017520614236504844,0.019327279029912124,0.026483045109406956,0.005418898392049365,0.018143762558235802,0.007066359186390515,0.022127054422053344,0.03574647844007701,0.02315436338292516,0.024051356898844495,0.028086445356703425,0.014394739300141304,0.0047831136310007944,0.009271601799812882,0.00706139985358453,0.006392265303455712,0.006377614260043125,0.006278392773783916,1.028716105523393,0.008948943434834548,0.0037657926790301225,0.004949819731340513,0.013731013352426494,0.013817953571973896,0.022410447925264036,0.006327184378712456,0.00730852435340118,0.00491424673876373,0.0034301909833483212,0.013784257373426617,0.005579123454228249,0.004533579220865046,0.01004707125025062,0.007860202580534499,0.009827548338929465,0.0
ISIC 352T353,0.00465987902430586,0.0010272755439962719,0.002409104805327344,0.007386747297525187,0.0008011247735115417,0.0036921559194533957,0.004258365750599657,0.00316338285206384,0.008685480675640286,0.003725658640384193,0.011090251195003033,0.0011382260318348407,0.003698987002243628,0.012027357847010853,0.010996268738915408,0.005455137144652582,0.0036175777349711983,0.0035951870690670473,0.0006016276701567828,0.0021607070414940244,0.0015529906387489261,0.001341667479021503,0.0010079525018411477,0.0012647721309934528,0.0005846447368241738,1.0002599021051692,0.0008367590023298732,0.0010210010617105415,0.0007657928775513908,0.001647416707992859,0.0014188727424393748,0.000756844096541967,0.0005116021518252169,0.00044461438942891085,0.0012439687730787425,0.004399043858706444,0.0005300619766338488,0.004332764740380608,0.005755476573892673,0.0011088591450729508,0.0008434286401479574,0.0
ISIC 36T39,0.005687358726795498,0.004816086509490793,0.012033280775001813,0.00563964656335281,0.003791353194096929,0.004103096662348727,0.00428718167169352,0.0036915111544000056,0.005180066786858209,0.0016677963182978547,0.0077450415002354375,0.003041534537721719,0.004446196489255141,0.007083936431725675,0.0053679086280608536,0.004003257270610418,0.0034538014945144995,0.0036722299758243063,0.0013293100674755753,0.002302207384286757,0.0020545739816963957,0.0017786692211416834,0.001808975343845212,0.002233129380581449,0.027273283961928595,0.0030995144743976937,1.0508435995438914,0.003141731474625625,0.0035166012883891457,0.00302350458751895,0.007083139241779652,0.0018674876565016433,0.0031013741613882167,0.0013114644311781872,0.002475938806250092,0.003833923371108769,0.0021105620876053976,0.011437904572407646,0.008763269238494915,0.004355210374919611,0.004350111531176324,0.0
ISIC 41T43,0.006854026851251636,0.015917746227091013,0.0043399358200997135,0.02479192543662662,0.01260405607196924,0.0029629662224188212,0.002739942244507059,0.003547941570588157,0.005719643204215765,0.009092736929125513,0.004193928159626365,0.0022784008118098375,0.003969657099452606,0.005733660168473019,0.005467757645411519,0.004497005377522981,0.0036928564474880366,0.003836065963765256,0.001558060124621895,0.002475408192005341,0.0024201440083424395,0.0017132543591491499,0.002113587990516578,0.0021041511038496223,0.015445575421753907,0.004159225491934527,0.001886364927316872,1.0017229410211343,0.0047543338284037505,0.008641740733095501,0.005442375982554526,0.0031033715490150875,0.006464290106757307,0.002356493037338009,0.0050725818248927934,0.03542073209044195,0.0025550270718976424,0.027765281931425533,0.005422568184262659,0.004903423470049409,0.004467987255198083,0.0
ISIC 45T47,0.004616283662571932,0.00209782270454887,0.001877292493266542,0.003147157339834993,0.006166314276767048,0.006091795107791392,0.005970399849281584,0.005423653251453746,0.014540465447564065,0.0007088303421144443,0.007359814580566135,0.009128967190938543,0.009067399582122071,0.007423070812088666,0.00625448717583407,0.16052119729086162,0.023934991472049943,0.019212424122330197,0.004083126745920684,0.016725378275147626,0.01164099807928732,0.006609868058704357,0.003928674185636197,0.00997480436254742,0.013264060250817609,0.008744311894975838,0.010204662325024295,0.004350235655359894,1.0140399705984815,0.01174670540973025,0.00339433016966498,0.005213057590558384,0.005473295647328007,0.0021232708010209345,0.0017686565160861553,0.0035922255737227946,0.0018830001109168075,0.002006192443769978,0.0017868143664574222,0.004813292991188301,0.004323214759801253,0.0
ISIC 49T53,0.002013879602532152,0.0019283048335449308,0.00209858317658357,0.012365221398693158,0.004360758146015974,0.0024526953181616736,0.004455282964213193,0.009251750867246254,0.007837893764182086,0.001200393570455532,0.0022890141542564603,0.0019311981285759182,0.005159620040436691,0.004756260296867349,0.012417279844625923,0.007293954000993397,0.0035002489968176762,0.006380657044919307,0.007034482038615243,0.002555743903477941,0.003706422813780427,0.0019527445492249146,0.002444908584744401,0.005512085827294274,0.01075420023210005,0.009895509294833408,0.007125185549458184,0.0018860569351246477,0.03129884339320236,1.0718626270404352,0.005198452207896924,0.01058843864883602,0.005730304121276967,0.01229051141374403,0.006618859896758475,0.0035295590838514204,0.007182361294196205,0.011181270263951963,0.004521430306490225,0.005703313180109432,0.007901109147728874,0.0
ISIC 55T56,0.0023767847280779675,0.001695313216315747,0.0020623972639328193,0.0031942169677119507,0.006764753507705866,0.0026009579108138316,0.003236379942956125,0.004516326762145104,0.005966983992924589,0.0008158159806707382,0.0020889417605649,0.002186433615824558,0.004801276685717861,0.005175456407516185,0.0059854004631500046,0.0037610404622031375,0.0030091850675568205,0.005253867345016555,0.0023590818186517365,0.0024463530747178127,0.0038150935394352043,0.0020701444455640764,0.002939820152396642,0.00436750988132226,0.005492336828286555,0.004483198486774162,0.005694509758106098,0.0020188033729389935,0.005784369627445226,0.010469631971473556,1.0115594276557731,0.007126585086863449,0.006947630659003372,0.01612925389821182,0.01179963768965908,0.008325648346367039,0.01189402849288058,0.007452564762890334,0.007529256355155096,0.015737577900380183,0.006841910277100764,0.0
ISIC 58T60,0.0005088858659532392,0.000629030441578044,0.002319065814900087,0.0009817957426496394,0.0009146397269244937,0.0004196288576571654,0.0005350434051247082,0.0005667864166236475,0.0011479160878683455,0.0001316840602542865,0.0004321013320842493,0.0009503281317425527,0.000629529474773809,0.000682046371778411,0.000774875382567738,0.0007290572893209595,0.0004403203075401935,0.0009449173179323742,0.0007764717153750018,0.0005026408793098957,0.0007343881850314664,0.0003735967069384303,0.0011817991855375526,0.0008802088215791881,0.000728894390798877,0.001300200500176462,0.0006512684880150669,0.0008919683297503727,0.0023572475062454408,0.0013307103181914206,0.005478189178683367,1.1737408567935248,0.07075822332866363,0.008961125490253536,0.0021617029876203567,0.001439765669524671,0.004300455119811683,0.008968402915066032,0.004942952409524313,0.0039434311612123255,0.0015077956728118953,0.0
ISIC 61,0.0023096750132957956,0.003093187779826257,0.004037672415270038,0.004406322092797536,0.006766206141996027,0.0022397274134923905,0.0028557914057212425,0.003941701057330668,0.005154880362625804,0.0007184526907111509,0.0020364814840487765,0.004627838161826353,0.004019607414306192,0.004315653643084325,0.00500427586086123,0.003342791455890699,0.0024696074431228877,0.00472057051588351,0.0028574265462957666,0.0028084226402370427,0.0037220944512253947,0.0017786689802326533,0.0030814888203513856,0.00449302320151638,0.0040332635955688334,0.0023763931944691557,0.004393103873810208,0.004926288026416586,0.009358955845131264,0.006268900492469949,0.008217695515535417,0.01065926233513514,1.1026798314183344,0.015887813846182316,0.011330723943471092,0.004925200620116014,0.00933592869774659,0.016403321222663286,0.007331709285084848,0.006727127951366908,0.00538346901521401,0.0
ISIC 62T63,0.0020592514167563675,0.0023079094140670314,0.008679047567561212,0.005067473806249309,0.0032236388710570564,0.0031782336764733243,0.005165386254630108,0.0061228963008304275,0.006876430317145895,0.0010883791174325231,0.0027747384515939663,0.005453025791602092,0.005389106372671079,0.0073800965708423006,0.007759624506844424,0.00484081237899898,0.004153370339552074,0.008213475841337732,0.005213780224524405,0.0037755165669359925,0.0069980679539940836,0.0027674460710188117,0.011346616598269337,0.0060526579139222395,0.0054314520850471315,0.007751297719752553,0.005480958460021339,0.0047437908018699,0.01117453893763297,0.004931314731410699,0.0083421132896209,0.018313263391585427,0.016274158078115643,1.0339511258059007,0.01624649266699725,0.004840313801902507,0.019940738057899744,0.029534060827178917,0.013581325352584302,0.01123730718471893,0.006883824065299645,0.0
ISIC 64T66,0.023724335273019904,0.02924492953125563,0.0451763332247318,0.049660372957317914,0.06012620631366498,0.016789596784411047,0.022952542047302977,0.014749537131025293,0.016969163215464093,0.00271628565364871,0.011733815771969351,0.0143191832398466,0.01817382680181704,0.03105151141969465,0.03207729393705103,0.022131252930403435,0.02862483151608727,0.02880242894878769,0.013505789882552478,0.025506173632731964,0.02313032308608961,0.013714846620836055,0.017868131274875944,0.023588693341049377,0.01951548063630379,0.04403215866030222,0.01491020071457422,0.014762359927973945,0.04355216366222319,0.0573871582187747,0.03088349545979966,0.029399711926513795,0.02542927238750011,0.024724158075607374,1.305367695100179,0.08844543764819662,0.036076111148870535,0.04912295585678654,0.03311143204970384,0.05841505607120257,0.027845265491358375,0.0
ISIC 68,0.07963378321925292,0.028350483788767634,0.02575842416499773,0.023435432203366385,0.03363711497131145,0.021586081401003456,0.018563478032856417,0.019232942353581983,0.026869354552200846,0.0031696446113956373,0.01633429629171706,0.021683834869348877,0.019581189387752825,0.019041078997130766,0.021887557859424013,0.017608861829982853,0.01283553832609273,0.026237897939392265,0.017865918820844824,0.015450178542631728,0.016375808274070126,0.010952716095263928,0.02662352859495718,0.01992708342939258,0.011816259356688388,0.015921325744225053,0.024433621878725675,0.025638450869054627,0.06615143558989346,0.05172798981932433,0.06856511793360436,0.059439642573760616,0.058159771601112284,0.04454566681808204,0.04783445503144875,1.0466850286467186,0.0470195555807552,0.03321546232784419,0.09475200670109767,0.0690279380319103,0.06682119722183073,0.0
ISIC 69T82,0.024788333667938114,0.07986883696528829,0.10367242417416506,0.10815632999902605,0.10826272725278124,0.049500872223114,0.07734943288177415,0.055776495774404994,0.08230895839318458,0.01581820905864153,0.0525244649843901,0.12682923607893887,0.06355985505119345,0.07773076408573244,0.0820478209407962,0.0601891348059294,0.05084678746102586,0.09481595866245272,0.14024610711597937,0.050063308848804916,0.08165633026601202,0.049825943037381165,0.0991403414055913,0.0690469370486634,0.06374122856751693,0.0646399897874333,0.06563687518749414,0.06033752306215968,0.14520068882575068,0.07714112299640179,0.15244032055752696,0.19901098301920606,0.19271976757065704,0.18606710483490776,0.12616059121926232,0.07437137435166036,1.1341993619484583,0.09671386991518663,0.05993657891361909,0.11903219386128819,0.09100909644460951,0.0
ISIC 84,0.000604353830215429,0.0006709250144047366,0.0007505389436824211,0.0012235914065293926,0.0008534515208805733,0.0012082274650894998,0.0015343344800733429,0.001092647197936096,0.002173959870252528,0.0006038683845140032,0.0025657001539051826,0.0012395849503624495,0.001417393205538523,0.002192315422188565,0.0017781907382542347,0.0022930700136594134,0.001466632989474955,0.0015676532470602217,0.0007988759922285014,0.003395656646729919,0.0022555050924075344,0.0006175972777919769,0.0007750890700166718,0.0012413682058506088,0.006316613616917379,0.001578496923011069,0.0023510733775727708,0.0005203300110068598,0.00776176688153439,0.006931150483240722,0.006546903403314787,0.0038009540391253857,0.0017451798683729087,0.003597030969263547,0.009632439890208387,0.0016787688055975075,0.0027814573695092953,1.0035429347226157,0.0026535674821972213,0.004079123805703496,0.0019840010602254197,0.0
ISIC 85,8.83172204339808e-05,4.79366261115984e-05,5.561634210985246e-05,8.027703685150144e-05,6.37903583908792e-05,6.774384416452903e-05,6.932110979485577e-05,6.269484891993662e-05,0.0006138601374143483,5.376155200386161e-05,7.607839253382669e-05,7.986261151097474e-05,9.288514738277596e-05,0.00010033710694636986,8.852683906201992e-05,0.00040565560945219844,0.00010012422627280032,0.00010485846545237099,6.69560834661541e-05,8.75504157839935e-05,8.018605488591415e-05,4.411664842884561e-05,5.877956519342443e-05,6.818829441606955e-05,0.00042973328595219043,0.001082332105356861,6.98464722982366e-05,5.150045634645567e-05,0.0023185125394566204,0.0004021135906344105,0.00013078486513962655,0.00036771230976040045,0.0003934383036772217,0.0006347258368510171,0.00015121803950068555,6.56312132706754e-05,0.00039350467797156,0.0060018759718141355,1.0123034164899125,0.0013003438068159912,0.005787536902345627,0.0
ISIC 86T88,0.0006399562286003645,0.0005752253442913517,0.0007343364253146235,0.0007075668535969612,0.0010304071146653646,0.0003964185564504566,0.0007187893167643555,0.0006382033593720152,0.0006466061582405255,0.00014893697649551104,0.0002444326650347196,0.0003220524505521384,0.0005676837650034573,0.0025998661687736844,0.0008041726645958248,0.0008470464298648109,0.0007580524453096973,0.000915167950981869,0.0003158642834159485,0.0003692277512973069,0.0005301029050961154,0.0002896401548433813,0.0006010088169482814,0.0008025943869185991,0.0004886194651692043,0.0013533112812931776,0.0004427895297697776,0.0007956827605910602,0.0019080165793835993,0.0020205830510098754,0.0018588371734616829,0.001068383564294868,0.0020623416593446983,0.0009760149627135689,0.003908972387635248,0.00125050584787043,0.001888328528393201,0.004895014258492913,0.0009352908413037791,1.016347080724288,0.002391107876016557,0.0
ISIC 90T96,0.000466526416269621,0.00037656002748104333,0.0005366783166164224,0.0005388750291740515,0.0008546866023863163,0.00049038168363546,0.0005937459520626797,0.0007721882491328108,0.0009901975072146823,0.00016047603215446588,0.00037743406148946343,0.0005380370644170569,0.000842532228376978,0.0008698551774352875,0.0009299080194584313,0.0007935481386421602,0.0005586815710076109,0.0009294806484830743,0.0005257235150983823,0.00041578830548823025,0.0006888370633307647,0.0003870656751368715,0.000613474866804262,0.0007175637099262876,0.0006513222672533664,0.0006027494264286345,0.0009013016071093338,0.000511303489078576,0.0018163098144496211,0.0010664275780097629,0.003113503325118757,0.0445463589376172,0.019962605132069617,0.0026683262944783136,0.0020100862483090442,0.0016165983322828314,0.0033254904643004617,0.0022728759514071,0.0035333428692633385,0.00216828738892638,1.0424888111919755,0.0
ISIC 97T98,0.0,0.0,0.0,0.0,0.0,0.0,0.0,0.0,0.0,0.0,0.0,0.0,0.0,0.0,0.0,0.0,0.0,0.0,0.0,0.0,0.0,0.0,0.0,0.0,0.0,0.0,0.0,0.0,0.0,0.0,0.0,0.0,0.0,0.0,0.0,0.0,0.0,0.0,0.0,0.0,0.0,1.0
