Pollutant:,OC,Unit: grams,,,,,,,,,,,,,,,,,,,,,,,,,,,,,,,,,,
,2015.0,2016.0,2017.0,2018.0,2019.0,2020.0,2021.0,2022.0,2023.0,2024.0,2025.0,2026.0,2027.0,2028.0,2029.0,2030.0,2031.0,2032.0,2033.0,2034.0,2035.0,2036.0,2037.0,2038.0,2039.0,2040.0,2041.0,2042.0,2043.0,2044.0,2045.0,2046.0,2047.0,2048.0,2049.0,2050.0
agriculture and forestry 01T03,0.0,0.0,0.0,0.0,0.0,74233.58395989976,74744.86215538847,75255.13784461153,79582.15223097113,81259.82292775455,82117.05298751903,82786.98593212137,83439.38578452157,84027.43414453421,84678.68095251035,85311.28301467543,85159.52475024412,85212.48027704326,84850.03342941102,84691.9824636975,84512.68693548326,84442.99571452706,84345.74358660223,84349.40746214469,84349.1482245265,84346.59646080944,84313.85444550862,84435.71098308876,84521.27633630214,84646.46374712104,84872.29938151434,85594.86463498678,86328.11840844472,87082.9216902485,87736.465211162,88406.90383616573
coal mining 05,0.0,0.0,0.0,0.0,0.0,0.0,0.0,0.0,0.0,0.0,0.0,0.0,0.0,0.0,0.0,0.0,0.0,0.0,0.0,0.0,0.0,0.0,0.0,0.0,0.0,0.0,0.0,0.0,0.0,0.0,0.0,0.0,0.0,0.0,0.0,0.0
oil and gas extraction 06,0.0,0.0,0.0,0.0,0.0,43830.05861456483,44622.79928952042,42280.196775527074,42416.64967105263,45898.89799992933,46692.21058746065,45070.40957719026,45965.54054494632,47408.641334483196,48430.44489379714,49748.93309361451,50689.78581621914,51463.60417133694,51826.67522468331,51969.29995320651,52337.39909669404,52270.40789931891,52392.98912790939,52590.48120299452,52637.17899963625,53507.36577957371,53705.12037529386,54179.72340906752,54308.38387118702,54544.73731331737,54943.07946856225,55384.63471132698,55587.127279452165,55361.08094213494,55613.69589271478,56114.95400646169
other mining and quarrying 07T08,0.0,0.0,0.0,0.0,0.0,0.0,0.0,0.0,0.0,0.0,0.0,0.0,0.0,0.0,0.0,0.0,0.0,0.0,0.0,0.0,0.0,0.0,0.0,0.0,0.0,0.0,0.0,0.0,0.0,0.0,0.0,0.0,0.0,0.0,0.0,0.0
food beverage and tobacco 10T12,0.0,0.0,0.0,0.0,0.0,0.0,0.0,0.0,0.0,0.0,0.0,0.0,0.0,0.0,0.0,0.0,0.0,0.0,0.0,0.0,0.0,0.0,0.0,0.0,0.0,0.0,0.0,0.0,0.0,0.0,0.0,0.0,0.0,0.0,0.0,0.0
textiles apparel and leather 13T15,0.0,0.0,0.0,0.0,0.0,0.0,0.0,0.0,0.0,0.0,0.0,0.0,0.0,0.0,0.0,0.0,0.0,0.0,0.0,0.0,0.0,0.0,0.0,0.0,0.0,0.0,0.0,0.0,0.0,0.0,0.0,0.0,0.0,0.0,0.0,0.0
wood products 16,0.0,0.0,0.0,0.0,0.0,0.0,0.0,0.0,0.0,0.0,0.0,0.0,0.0,0.0,0.0,0.0,0.0,0.0,0.0,0.0,0.0,0.0,0.0,0.0,0.0,0.0,0.0,0.0,0.0,0.0,0.0,0.0,0.0,0.0,0.0,0.0
pulp paper and printing 17T18,0.0,0.0,0.0,0.0,0.0,107439384.94167551,108985834.57051961,115469582.45005137,119654323.74887083,118450208.76265554,118349928.01535389,118805432.07176572,118712825.21377723,119208139.83862914,120022325.52696781,120638466.07575944,121843146.36779901,123006909.67182975,123706674.93848436,124601338.12799183,125466374.93716742,125713768.12914611,126194078.12055986,127407914.7347356,127476524.02749509,128639464.96926454,130265745.33564958,131508807.20431665,132441163.122477,132943497.43311112,133367468.58321197,133828701.57657047,133805772.54178227,134000601.48127449,134368613.07630193,134811844.64914536
refined petroleum and coke 19,0.0,0.0,0.0,0.0,0.0,2126429.5667708796,2132523.7159446185,2139119.3656466384,1978693.940086897,2588959.9934824486,2720771.309775109,2874821.602217994,2993539.513971108,2973954.1185963373,2911436.911232565,2894969.870029585,2854071.237231417,2926936.027612409,2943456.7651586905,2938525.612290745,2990422.3167096027,2995481.5164912627,3030078.6465667025,2996804.9109858726,2999099.8398920377,3004346.8606440052,2974251.221678722,3001432.4602495315,2988967.9909465997,3008747.2023364063,3018188.7504324764,3239886.9140429636,3238343.8970707837,3100304.7895330503,3016000.750847777,3046595.592527055
chemicals 20,0.0,0.0,0.0,0.0,0.0,6822628.015844436,4765376.260012804,4460685.734937732,4855682.032282283,5424877.242570691,4828013.7582658855,4420946.501143208,4611775.0826833,4823284.966947515,5031766.328084833,5217459.891893325,5351190.710723663,5478405.856679082,5665606.671596894,5819159.5166881075,5951218.927393193,6131401.186568713,6302057.117924851,6439120.218975953,6539986.230330987,6654435.517210554,6774000.066229451,7005236.150396322,7242356.41693893,7424441.763235037,7631205.723438623,7724139.067147507,7767118.678215104,7804328.922244574,7932990.437621237,8098393.353514996
rubber and plastic products 22,0.0,0.0,0.0,0.0,0.0,0.0,0.0,0.0,0.0,0.0,0.0,0.0,0.0,0.0,0.0,0.0,0.0,0.0,0.0,0.0,0.0,0.0,0.0,0.0,0.0,0.0,0.0,0.0,0.0,0.0,0.0,0.0,0.0,0.0,0.0,0.0
glass and glass products 231,0.0,0.0,0.0,0.0,0.0,0.0,0.0,0.0,0.0,0.0,0.0,0.0,0.0,0.0,0.0,0.0,0.0,0.0,0.0,0.0,0.0,0.0,0.0,0.0,0.0,0.0,0.0,0.0,0.0,0.0,0.0,0.0,0.0,0.0,0.0,0.0
cement and other nonmetallic minerals 239,0.0,0.0,0.0,0.0,0.0,32022709.985874172,33510159.73052265,31953571.42857143,33308884.50148075,37896750.68139376,34490024.615823485,31930271.459634513,30344408.64021496,29051045.4992143,28660955.312390465,28218309.400206823,27823530.04868153,27469099.471645094,22788911.82004224,21917872.796581466,20949438.38094501,20025439.06296186,19451225.32942574,18964375.478488266,18177246.850480404,17670234.954840574,17120075.1406402,16645224.40800698,16288673.088891935,16025359.571278205,15611404.045232706,15346111.453271491,15108032.974951198,14854452.128550239,14674438.049763031,14540856.116157737
iron and steel 241,0.0,0.0,0.0,0.0,0.0,8572851.32382892,8671637.474541752,10228688.836104512,9956669.724770641,9652583.355086492,9007605.85464042,8103617.010844013,7766227.969193618,7874258.399437252,7899864.271143842,7808509.723549193,7639941.681031494,7356244.319252762,7356280.9071141705,7481622.977097092,7515918.855729382,7594800.6976552,7678663.632081094,7750402.621730653,7843547.882908502,7910433.814482216,7933497.971499833,8012235.737882144,8159292.143658652,8244720.754421299,8270715.098209803,8246358.850966918,8149608.0433602575,8037900.286827692,8042495.0284305215,8117987.619170236
other metals 242,0.0,0.0,0.0,0.0,0.0,2577270.4944178625,2655882.615629984,2692976.230366492,2925213.4743875274,3022988.4913075794,2989406.725392293,2976120.398991154,3041086.2293223087,3151526.384313592,3242218.9416805194,3318767.262128387,3362616.049701027,3369522.124392582,3367676.6035300354,3376023.071565242,3396625.298624279,3428658.6691010077,3463241.31046097,3490244.0556055647,3510226.219955419,3545080.741233613,3571627.67532828,3592361.0715126717,3626397.0634016674,3662169.113042393,3680100.626651283,3685949.763779724,3690634.2206785376,3699446.805409332,3708845.0035970835,3707930.5727641014
metal products except machinery and vehicles 25,0.0,0.0,0.0,0.0,0.0,0.0,0.0,0.0,0.0,0.0,0.0,0.0,0.0,0.0,0.0,0.0,0.0,0.0,0.0,0.0,0.0,0.0,0.0,0.0,0.0,0.0,0.0,0.0,0.0,0.0,0.0,0.0,0.0,0.0,0.0,0.0
computers and electronics 26,0.0,0.0,0.0,0.0,0.0,0.0,0.0,0.0,0.0,0.0,0.0,0.0,0.0,0.0,0.0,0.0,0.0,0.0,0.0,0.0,0.0,0.0,0.0,0.0,0.0,0.0,0.0,0.0,0.0,0.0,0.0,0.0,0.0,0.0,0.0,0.0
appliances and electrical equipment 27,0.0,0.0,0.0,0.0,0.0,0.0,0.0,0.0,0.0,0.0,0.0,0.0,0.0,0.0,0.0,0.0,0.0,0.0,0.0,0.0,0.0,0.0,0.0,0.0,0.0,0.0,0.0,0.0,0.0,0.0,0.0,0.0,0.0,0.0,0.0,0.0
other machinery 28,0.0,0.0,0.0,0.0,0.0,0.0,0.0,0.0,0.0,0.0,0.0,0.0,0.0,0.0,0.0,0.0,0.0,0.0,0.0,0.0,0.0,0.0,0.0,0.0,0.0,0.0,0.0,0.0,0.0,0.0,0.0,0.0,0.0,0.0,0.0,0.0
road vehicles 29,0.0,0.0,0.0,0.0,0.0,0.0,0.0,0.0,0.0,0.0,0.0,0.0,0.0,0.0,0.0,0.0,0.0,0.0,0.0,0.0,0.0,0.0,0.0,0.0,0.0,0.0,0.0,0.0,0.0,0.0,0.0,0.0,0.0,0.0,0.0,0.0
nonroad vehicles 30,0.0,0.0,0.0,0.0,0.0,0.0,0.0,0.0,0.0,0.0,0.0,0.0,0.0,0.0,0.0,0.0,0.0,0.0,0.0,0.0,0.0,0.0,0.0,0.0,0.0,0.0,0.0,0.0,0.0,0.0,0.0,0.0,0.0,0.0,0.0,0.0
other manufacturing 31T33,0.0,0.0,0.0,0.0,0.0,145142766.85570258,146357941.3988658,159134373.46478426,173022998.26178324,170202458.46848398,165596082.71464208,163252772.85174248,162917835.36443284,163502864.66180634,165953340.89588454,168953979.49834523,171872187.8063736,176811431.46595576,181037135.32308388,185410958.2316471,189144117.86886677,191387355.40210316,194262329.659554,198479154.38541818,201066455.1851169,204953670.01491565,208741834.70114315,211952139.2203639,214492622.83796495,216992472.31973857,219885172.22762552,224892517.82225958,228020552.50679633,230726961.6457094,233714968.34743991,236774228.27379766
energy pipelines and gas processing 352T353,0.0,0.0,0.0,0.0,0.0,9163469.971401336,9128413.346043851,10532109.086894115,11516725.763125764,13225947.952926956,13470893.218853053,13547689.559650302,14435084.083971571,15550178.096199967,15724913.35761911,15976610.980154319,15791418.556760387,15463512.091598213,14908759.409504026,14537285.75672963,14385721.63936425,14370940.885579392,14383340.906006813,14206072.376447279,14270748.302169394,14201800.439381374,14056026.962886143,14042807.720429724,14122339.408598274,14190838.979293961,14267972.548495725,14316134.734863171,14221027.724993441,14161950.47479227,14232086.30091674,14390965.317188315
water and waste 36T39,0.0,0.0,0.0,0.0,0.0,0.0,0.0,0.0,0.0,0.0,0.0,0.0,0.0,0.0,0.0,0.0,0.0,0.0,0.0,0.0,0.0,0.0,0.0,0.0,0.0,0.0,0.0,0.0,0.0,0.0,0.0,0.0,0.0,0.0,0.0,0.0
construction 41T43,0.0,0.0,0.0,0.0,0.0,0.0,0.0,0.0,0.0,0.0,0.0,0.0,0.0,0.0,0.0,0.0,0.0,0.0,0.0,0.0,0.0,0.0,0.0,0.0,0.0,0.0,0.0,0.0,0.0,0.0,0.0,0.0,0.0,0.0,0.0,0.0
