Pollutant:,PM10,Unit: grams,,,,,,,,,,,,,,,,,,,,,,,,,,,,,,,,,,
,2015.0,2016.0,2017.0,2018.0,2019.0,2020.0,2021.0,2022.0,2023.0,2024.0,2025.0,2026.0,2027.0,2028.0,2029.0,2030.0,2031.0,2032.0,2033.0,2034.0,2035.0,2036.0,2037.0,2038.0,2039.0,2040.0,2041.0,2042.0,2043.0,2044.0,2045.0,2046.0,2047.0,2048.0,2049.0,2050.0
agriculture and forestry 01T03,0.0,0.0,0.0,0.0,0.0,519635.08771929826,523214.0350877193,526785.9649122807,557075.0656167979,568818.7604942817,574819.370912633,579508.9015248495,584075.7004916507,588192.0390117397,592750.7666675724,597178.9811027282,596116.6732517087,596487.361939303,593950.2340058772,592843.8772458825,591588.8085483827,591100.9700016896,590420.2051062158,590445.8522350129,590444.0375716855,590426.1752256659,590196.9811185603,591049.9768816214,591648.934354115,592525.2462298472,594106.0956706003,599164.0524449075,604296.8288591132,609580.4518317394,614155.2564781341,618848.3268531603
coal mining 05,0.0,0.0,0.0,0.0,0.0,0.0,0.0,0.0,0.0,0.0,0.0,0.0,0.0,0.0,0.0,0.0,0.0,0.0,0.0,0.0,0.0,0.0,0.0,0.0,0.0,0.0,0.0,0.0,0.0,0.0,0.0,0.0,0.0,0.0,0.0,0.0
oil and gas extraction 06,0.0,0.0,0.0,0.0,0.0,126587.35257548845,128876.89875666074,122111.13435303845,122505.22944078947,132562.45069251826,134853.6486373695,130169.66000528134,132754.92370326142,136922.80105094006,139873.91294798822,143681.8916706414,146399.20620506417,148634.1020743599,149682.70216508934,150094.62237159244,151157.74429139527,150964.26432377417,151318.29609313994,151888.68088681574,152023.55066876076,154536.77205610034,155107.91504616546,156478.63512888373,156850.2245767571,157532.84644533572,158683.3144220066,159958.58785225562,160543.41477070883,159890.56126549214,160620.14864971398,162067.85233941695
other mining and quarrying 07T08,0.0,0.0,0.0,0.0,0.0,0.0,0.0,0.0,0.0,0.0,0.0,0.0,0.0,0.0,0.0,0.0,0.0,0.0,0.0,0.0,0.0,0.0,0.0,0.0,0.0,0.0,0.0,0.0,0.0,0.0,0.0,0.0,0.0,0.0,0.0,0.0
food beverage and tobacco 10T12,0.0,0.0,0.0,0.0,0.0,0.0,0.0,0.0,0.0,0.0,0.0,0.0,0.0,0.0,0.0,0.0,0.0,0.0,0.0,0.0,0.0,0.0,0.0,0.0,0.0,0.0,0.0,0.0,0.0,0.0,0.0,0.0,0.0,0.0,0.0,0.0
textiles apparel and leather 13T15,0.0,0.0,0.0,0.0,0.0,0.0,0.0,0.0,0.0,0.0,0.0,0.0,0.0,0.0,0.0,0.0,0.0,0.0,0.0,0.0,0.0,0.0,0.0,0.0,0.0,0.0,0.0,0.0,0.0,0.0,0.0,0.0,0.0,0.0,0.0,0.0
wood products 16,0.0,0.0,0.0,0.0,0.0,0.0,0.0,0.0,0.0,0.0,0.0,0.0,0.0,0.0,0.0,0.0,0.0,0.0,0.0,0.0,0.0,0.0,0.0,0.0,0.0,0.0,0.0,0.0,0.0,0.0,0.0,0.0,0.0,0.0,0.0,0.0
pulp paper and printing 17T18,0.0,0.0,0.0,0.0,0.0,609216012.7253447,617984881.5835984,654749826.1412115,678478660.8673023,671650939.9978732,671082315.772619,673665170.8883487,673140060.0939653,675948653.9905205,680565349.8040437,684059065.7129444,690889992.0489762,697488905.847883,701456800.9156593,706529830.1529335,711434868.2451817,712837667.5452191,715561180.3240764,722444025.9638726,722833062.8128225,729427313.5521064,738648848.4754536,745697410.7472068,750984169.9297066,753832567.7118214,756236621.0644652,758851961.1029787,758721946.0702524,759826689.0818154,761913433.683723,764426699.853929
refined petroleum and coke 19,0.0,0.0,0.0,0.0,0.0,18089612.125949085,18141455.270209916,18197564.69734197,16832819.883375257,22024374.953935813,23145698.520352326,24456209.84963779,25466147.356892116,25299533.700272877,24767697.5886609,24627611.88214192,24279685.75500292,24899549.124205563,25040091.627431136,24998142.134201348,25439629.248668876,25482668.041558184,25776987.060403503,25493926.20569924,25513449.247711953,25558085.84029095,25302061.16678564,25533292.932244726,25427257.24756025,25595519.703928422,25675839.290147193,27561833.470918026,27548706.970531344,26374403.36198919,25657225.89968392,25917497.308472414
chemicals 20,0.0,0.0,0.0,0.0,0.0,70556477.31364782,66531628.75697797,63010614.36565128,68511414.28719378,74570592.45876518,68220201.40972143,63748795.938518554,65574803.03465176,67681870.16490299,69845402.67248185,71887150.54572932,73357063.49462985,74825040.00800607,76714478.99310948,78219028.34180364,79573666.24770762,81370460.83749695,83099539.17664577,84530888.83528672,85485133.45906731,86683360.46096072,87994630.83941685,90522553.53341404,92975526.3098352,94859054.31822829,96947388.12556729,97971744.2104234,98302193.82969837,98646838.80176583,100046230.36073384,101813841.3119303
rubber and plastic products 22,0.0,0.0,0.0,0.0,0.0,0.0,0.0,0.0,0.0,0.0,0.0,0.0,0.0,0.0,0.0,0.0,0.0,0.0,0.0,0.0,0.0,0.0,0.0,0.0,0.0,0.0,0.0,0.0,0.0,0.0,0.0,0.0,0.0,0.0,0.0,0.0
glass and glass products 231,0.0,0.0,0.0,0.0,0.0,0.0,0.0,0.0,0.0,0.0,0.0,0.0,0.0,0.0,0.0,0.0,0.0,0.0,0.0,0.0,0.0,0.0,0.0,0.0,0.0,0.0,0.0,0.0,0.0,0.0,0.0,0.0,0.0,0.0,0.0,0.0
cement and other nonmetallic minerals 239,0.0,0.0,0.0,0.0,0.0,390072188.41682065,408190979.0285776,389230003.96825397,405739223.09970385,461624530.80013293,420126822.0703032,388946184.457748,369628613.2474186,353874013.1198739,349122281.2108187,343730362.1716305,338921511.0263282,334604152.78627247,277594266.98124784,266984043.85435838,255187436.63366675,243932098.27472338,236937536.98499364,231007164.8562965,221419063.57979628,215243095.34435242,208541537.51870936,202757327.98331162,198414136.74835795,195206685.53324768,190164247.2754291,186932688.73579475,184032628.33821118,180943731.87255135,178750960.3772802,177123784.001597
iron and steel 241,0.0,0.0,0.0,0.0,0.0,105470755.01891185,106686109.10677916,125842324.05836444,122495705.76671034,118754567.86637138,110819487.53281039,99697821.90694527,95546965.25332946,96876050.59639886,97191076.54515225,96067152.57338844,93993280.29393065,90502985.89672044,90503436.03276289,92045504.38987833,92467442.4448788,93437916.22436374,94469671.78361565,95352267.9137505,96498222.81857364,97321112.36100799,97604867.90075015,98573569.13621451,100382786.34548816,101433804.23172031,101753609.50560555,101453957.53578846,100263644.02847263,98889316.98395598,98945845.53527008,99874621.76652464
other metals 242,0.0,0.0,0.0,0.0,0.0,41954642.7963849,43234346.836788945,43838183.08900524,47618706.180400886,49210357.4712437,48663689.59276559,48447405.31859129,49504965.32690922,51302788.74632615,52779146.72150234,54025254.744703405,54739056.506547675,54851478.50394253,54821435.80228236,54957305.54734286,55292683.25757704,55814145.25344677,56377106.09452081,56816675.99202167,57141959.88031069,57709346.57613204,58141496.45705968,58479009.43164116,59033071.523694105,59615394.39900803,59907296.33552921,60002512.75127695,60078769.67359472,60222227.19786088,60375217.75463432,60360331.99893159
metal products except machinery and vehicles 25,0.0,0.0,0.0,0.0,0.0,0.0,0.0,0.0,0.0,0.0,0.0,0.0,0.0,0.0,0.0,0.0,0.0,0.0,0.0,0.0,0.0,0.0,0.0,0.0,0.0,0.0,0.0,0.0,0.0,0.0,0.0,0.0,0.0,0.0,0.0,0.0
computers and electronics 26,0.0,0.0,0.0,0.0,0.0,0.0,0.0,0.0,0.0,0.0,0.0,0.0,0.0,0.0,0.0,0.0,0.0,0.0,0.0,0.0,0.0,0.0,0.0,0.0,0.0,0.0,0.0,0.0,0.0,0.0,0.0,0.0,0.0,0.0,0.0,0.0
appliances and electrical equipment 27,0.0,0.0,0.0,0.0,0.0,0.0,0.0,0.0,0.0,0.0,0.0,0.0,0.0,0.0,0.0,0.0,0.0,0.0,0.0,0.0,0.0,0.0,0.0,0.0,0.0,0.0,0.0,0.0,0.0,0.0,0.0,0.0,0.0,0.0,0.0,0.0
other machinery 28,0.0,0.0,0.0,0.0,0.0,0.0,0.0,0.0,0.0,0.0,0.0,0.0,0.0,0.0,0.0,0.0,0.0,0.0,0.0,0.0,0.0,0.0,0.0,0.0,0.0,0.0,0.0,0.0,0.0,0.0,0.0,0.0,0.0,0.0,0.0,0.0
road vehicles 29,0.0,0.0,0.0,0.0,0.0,0.0,0.0,0.0,0.0,0.0,0.0,0.0,0.0,0.0,0.0,0.0,0.0,0.0,0.0,0.0,0.0,0.0,0.0,0.0,0.0,0.0,0.0,0.0,0.0,0.0,0.0,0.0,0.0,0.0,0.0,0.0
nonroad vehicles 30,0.0,0.0,0.0,0.0,0.0,0.0,0.0,0.0,0.0,0.0,0.0,0.0,0.0,0.0,0.0,0.0,0.0,0.0,0.0,0.0,0.0,0.0,0.0,0.0,0.0,0.0,0.0,0.0,0.0,0.0,0.0,0.0,0.0,0.0,0.0,0.0
other manufacturing 31T33,0.0,0.0,0.0,0.0,0.0,2135078758.9792058,2152954216.4461246,2340898054.8504405,2545202467.932113,2503711770.655301,2435951073.7844586,2401480523.01318,2396553526.4412346,2405159422.920006,2441206412.171391,2485346398.4915915,2528273818.90478,2600931068.3940415,2663092006.500316,2727431805.0994005,2782347320.4776516,2815345787.520241,2857637226.512843,2919667550.8450346,2957727256.472794,3014908954.1521773,3070633604.6621184,3117857818.0165267,3155228833.6515512,3192002113.1253104,3234554299.9357715,3308213342.336415,3354227350.178394,3394039162.9940147,3437993331.5602984,3482995649.1298428
energy pipelines and gas processing 352T353,0.0,0.0,0.0,0.0,0.0,306555128.6939943,305382342.8026692,352341642.0448272,385281051.7704518,442461446.3149222,450655856.04762256,453225004.22072774,482911939.7871298,520216344.0675425,526061945.21196735,534482248.58056694,528286813.0780922,517317015.72609526,498758295.0249335,486330999.0564754,481260566.3874814,480766090.39827055,481180921.22870964,475250572.0201544,477414243.2926115,475107658.44908404,470230946.1352297,469788709.01489085,472449365.6196323,474740953.27972597,477321383.1067533,478932603.0142922,475750888.91021264,473774515.9756332,476120842.9970288,481435988.6167464
water and waste 36T39,0.0,0.0,0.0,0.0,0.0,0.0,0.0,0.0,0.0,0.0,0.0,0.0,0.0,0.0,0.0,0.0,0.0,0.0,0.0,0.0,0.0,0.0,0.0,0.0,0.0,0.0,0.0,0.0,0.0,0.0,0.0,0.0,0.0,0.0,0.0,0.0
construction 41T43,0.0,0.0,0.0,0.0,0.0,0.0,0.0,0.0,0.0,0.0,0.0,0.0,0.0,0.0,0.0,0.0,0.0,0.0,0.0,0.0,0.0,0.0,0.0,0.0,0.0,0.0,0.0,0.0,0.0,0.0,0.0,0.0,0.0,0.0,0.0,0.0
