Pollutant:,CO,Unit: grams,,,,,,,,,,,,,,,,,,,,,,,,,,,,,,,,,,
,2015.0,2016.0,2017.0,2018.0,2019.0,2020.0,2021.0,2022.0,2023.0,2024.0,2025.0,2026.0,2027.0,2028.0,2029.0,2030.0,2031.0,2032.0,2033.0,2034.0,2035.0,2036.0,2037.0,2038.0,2039.0,2040.0,2041.0,2042.0,2043.0,2044.0,2045.0,2046.0,2047.0,2048.0,2049.0,2050.0
agriculture and forestry 01T03,0.0,0.0,0.0,0.0,0.0,24744.52798663325,24914.954051796158,25085.045948203842,26527.384076990376,27086.60764258484,27372.350995839664,27595.661977373777,27813.12859484051,28009.144714844744,28226.22698417011,28437.094338225153,28386.50825008137,28404.16009234776,28283.344476470345,28230.660821232505,28170.895645161076,28147.665238175694,28115.24786220075,28116.469154048234,28116.382741508834,28115.532153603137,28104.618148502872,28145.236994362924,28173.758778767384,28215.48791570701,28290.766460504776,28531.6215449956,28776.03946948158,29027.640563416164,29245.488403720672,29468.96794538858
coal mining 05,0.0,0.0,0.0,0.0,0.0,0.0,0.0,0.0,0.0,0.0,0.0,0.0,0.0,0.0,0.0,0.0,0.0,0.0,0.0,0.0,0.0,0.0,0.0,0.0,0.0,0.0,0.0,0.0,0.0,0.0,0.0,0.0,0.0,0.0,0.0,0.0
oil and gas extraction 06,0.0,0.0,0.0,0.0,0.0,6635754.702930728,6755773.539964476,6401109.728400165,6421768.335115131,6948971.502428205,7069076.9255100675,6823540.551129235,6959061.0071081,7177542.641713769,7332240.992309533,7531856.61111661,7674299.219594304,7791453.267558108,7846421.262717041,7868014.268589444,7923743.503268826,7913601.213546009,7932159.686653778,7962059.463370073,7969129.386009395,8100873.358066947,8130812.879711577,8202666.521092339,8222145.374043429,8257928.6587285455,8318236.605229066,8385086.8986440515,8415743.736752836,8381520.920417506,8419766.154380843,8495655.304220421
other mining and quarrying 07T08,0.0,0.0,0.0,0.0,0.0,0.0,0.0,0.0,0.0,0.0,0.0,0.0,0.0,0.0,0.0,0.0,0.0,0.0,0.0,0.0,0.0,0.0,0.0,0.0,0.0,0.0,0.0,0.0,0.0,0.0,0.0,0.0,0.0,0.0,0.0,0.0
food beverage and tobacco 10T12,0.0,0.0,0.0,0.0,0.0,0.0,0.0,0.0,0.0,0.0,0.0,0.0,0.0,0.0,0.0,0.0,0.0,0.0,0.0,0.0,0.0,0.0,0.0,0.0,0.0,0.0,0.0,0.0,0.0,0.0,0.0,0.0,0.0,0.0,0.0,0.0
textiles apparel and leather 13T15,0.0,0.0,0.0,0.0,0.0,0.0,0.0,0.0,0.0,0.0,0.0,0.0,0.0,0.0,0.0,0.0,0.0,0.0,0.0,0.0,0.0,0.0,0.0,0.0,0.0,0.0,0.0,0.0,0.0,0.0,0.0,0.0,0.0,0.0,0.0,0.0
wood products 16,0.0,0.0,0.0,0.0,0.0,0.0,0.0,0.0,0.0,0.0,0.0,0.0,0.0,0.0,0.0,0.0,0.0,0.0,0.0,0.0,0.0,0.0,0.0,0.0,0.0,0.0,0.0,0.0,0.0,0.0,0.0,0.0,0.0,0.0,0.0,0.0
pulp paper and printing 17T18,0.0,0.0,0.0,0.0,0.0,1440299920.4665961,1461031156.7691762,1547950321.0987616,1604049698.092914,1587907696.5371532,1586563363.1491568,1592669712.8511615,1591428253.303828,1598068291.453408,1608983018.6998072,1617242812.6655169,1633392392.5402918,1648993451.641173,1658374293.2985878,1670367877.6009507,1681964299.603298,1685280777.9592035,1691719668.5281327,1707991995.2899237,1708911750.7311745,1724501785.4921439,1746303208.5329807,1762967320.2230108,1775466201.8528883,1782200343.7883325,1787883972.8793013,1794067122.9784143,1793759743.268454,1796371561.1433198,1801305013.353015,1807246841.849718
refined petroleum and coke 19,0.0,0.0,0.0,0.0,0.0,50652310.29477445,50797475.10049129,50954585.82756311,47133195.00343014,61669949.93855821,64809742.47979782,68479275.36052573,71307178.33819076,70840647.23870309,69351465.07361437,68959214.28210716,67984994.26960485,69720659.5507956,70114189.40834151,69996727.58920522,71232925.58822568,71353437.53049193,72177553.50182456,71384961.25910766,71439627.28373224,71564613.18846425,70847724.34003466,71495191.13216344,71198283.03012338,71669430.89617936,71894331.93748277,77175261.22404873,77138506.00972785,73850365.26099248,71842213.00741291,72570993.04244208
chemicals 20,0.0,0.0,0.0,0.0,0.0,339827909.7947425,270968041.8569069,255070749.21948004,277503829.77486765,306191564.1772986,276115803.9397201,255330322.5163145,264548000.1664531,274926688.9121273,285325566.20164376,294811278.4789425,301641640.68660885,308274975.3166875,317508641.18375516,324994408.19205016,331550600.0198123,340395591.70843476,348826097.5724824,355680160.30566657,360531049.21121496,366260181.52322906,372361280.778009,384145023.29898036,395957261.6629142,405027686.1722073,415229111.7899913,419981319.80310875,421899926.5825955,423675071.6142838,430217677.84374815,438567454.50345224
rubber and plastic products 22,0.0,0.0,0.0,0.0,0.0,0.0,0.0,0.0,0.0,0.0,0.0,0.0,0.0,0.0,0.0,0.0,0.0,0.0,0.0,0.0,0.0,0.0,0.0,0.0,0.0,0.0,0.0,0.0,0.0,0.0,0.0,0.0,0.0,0.0,0.0,0.0
glass and glass products 231,0.0,0.0,0.0,0.0,0.0,0.0,0.0,0.0,0.0,0.0,0.0,0.0,0.0,0.0,0.0,0.0,0.0,0.0,0.0,0.0,0.0,0.0,0.0,0.0,0.0,0.0,0.0,0.0,0.0,0.0,0.0,0.0,0.0,0.0,0.0,0.0
cement and other nonmetallic minerals 239,0.0,0.0,0.0,0.0,0.0,3218922807.7800717,3368441256.112137,3211973000.0,3348209070.0888453,3809381378.493699,3466937274.3825765,3209630887.1224613,3050219956.514408,2920211093.5810227,2880999228.001492,2836504460.9087906,2796821240.493468,2761193878.8897653,2290741416.150646,2203184573.512368,2105837546.0525913,2012957134.6089275,1955237170.113875,1906299023.0976403,1827176853.4102898,1776212017.6605732,1720909953.1371527,1673177957.4928608,1637337418.895416,1610869144.104885,1569258334.6267922,1542591123.28285,1518659474.6420946,1493169527.9618695,1475074512.7621799,1461646856.7961762
iron and steel 241,0.0,0.0,0.0,0.0,0.0,947062727.6694793,957975862.3799825,1129986930.0984051,1099936349.2791612,1066343224.2100612,995091066.9307166,895225327.0678413,857953178.7473565,869887550.4135796,872716290.3259808,862624142.012442,844002040.203564,812661336.0282815,812665377.9740142,826512206.5501504,830300951.6407173,839015211.2908537,848279743.7582477,856204915.9852422,866494888.5729368,873883932.2418553,876431883.0497488,885130226.34113,901375887.8503704,910813384.2064546,913685039.5288662,910994348.5232352,900306062.8764865,887965448.4639276,888473040.2033548,896812881.4305159
other metals 242,0.0,0.0,0.0,0.0,0.0,631066699.255715,650315548.7506646,659398237.2251309,716263510.5233853,740204558.7490375,731981776.4616374,728728505.9316871,744635944.5184733,771678160.0044272,793885007.5000888,812628517.7459996,823365268.0016539,825056279.3913594,824604387.8411102,826648091.8468901,831692723.15572,839536367.5914009,848004222.782326,854616075.6267022,859508879.2837338,868043306.5954221,874543550.2100388,879620299.3998445,887954302.7975491,896713394.767631,901104079.0711726,902536290.2686908,903683319.5616359,905841156.2225604,908142385.3415611,907918479.1397411
metal products except machinery and vehicles 25,0.0,0.0,0.0,0.0,0.0,0.0,0.0,0.0,0.0,0.0,0.0,0.0,0.0,0.0,0.0,0.0,0.0,0.0,0.0,0.0,0.0,0.0,0.0,0.0,0.0,0.0,0.0,0.0,0.0,0.0,0.0,0.0,0.0,0.0,0.0,0.0
computers and electronics 26,0.0,0.0,0.0,0.0,0.0,0.0,0.0,0.0,0.0,0.0,0.0,0.0,0.0,0.0,0.0,0.0,0.0,0.0,0.0,0.0,0.0,0.0,0.0,0.0,0.0,0.0,0.0,0.0,0.0,0.0,0.0,0.0,0.0,0.0,0.0,0.0
appliances and electrical equipment 27,0.0,0.0,0.0,0.0,0.0,0.0,0.0,0.0,0.0,0.0,0.0,0.0,0.0,0.0,0.0,0.0,0.0,0.0,0.0,0.0,0.0,0.0,0.0,0.0,0.0,0.0,0.0,0.0,0.0,0.0,0.0,0.0,0.0,0.0,0.0,0.0
other machinery 28,0.0,0.0,0.0,0.0,0.0,0.0,0.0,0.0,0.0,0.0,0.0,0.0,0.0,0.0,0.0,0.0,0.0,0.0,0.0,0.0,0.0,0.0,0.0,0.0,0.0,0.0,0.0,0.0,0.0,0.0,0.0,0.0,0.0,0.0,0.0,0.0
road vehicles 29,0.0,0.0,0.0,0.0,0.0,0.0,0.0,0.0,0.0,0.0,0.0,0.0,0.0,0.0,0.0,0.0,0.0,0.0,0.0,0.0,0.0,0.0,0.0,0.0,0.0,0.0,0.0,0.0,0.0,0.0,0.0,0.0,0.0,0.0,0.0,0.0
nonroad vehicles 30,0.0,0.0,0.0,0.0,0.0,0.0,0.0,0.0,0.0,0.0,0.0,0.0,0.0,0.0,0.0,0.0,0.0,0.0,0.0,0.0,0.0,0.0,0.0,0.0,0.0,0.0,0.0,0.0,0.0,0.0,0.0,0.0,0.0,0.0,0.0,0.0
other manufacturing 31T33,0.0,0.0,0.0,0.0,0.0,2325748687.1455574,2345220484.8771267,2549948359.0071273,2772497863.79913,2727301903.549665,2653489941.7545047,2615941051.408271,2610574056.9774647,2619948489.818895,2659214600.0616107,2707296440.0420294,2754057427.7801356,2833203221.3020797,2900915346.479852,2971000911.939077,3030820573.0442014,3066765917.486112,3112834128.460009,3180403975.601283,3221862544.7639637,3284150766.098791,3344851820.905359,3396293320.0765705,3437001696.844837,3477058957.542344,3523411202.017351,3603648252.02744,3653771470.1423335,3697138615.733292,3745018043.790776,3794039224.18785
energy pipelines and gas processing 352T353,0.0,0.0,0.0,0.0,0.0,36931816.01525262,36790526.21544328,42447884.50921939,46416215.50671551,53304946.48307419,54292156.952822275,54601671.61678914,58178165.172992036,62672363.00720296,63376603.92753659,64391028.628655024,63644641.885472685,62323070.332406394,60087233.465694085,58590071.73093699,57979218.1880627,57919646.85961912,57969623.0448896,57255172.21573651,57515837.59651908,57237954.89585233,56650439.55170564,56597161.630592234,56917700.649543576,57193776.58474637,57504650.39076634,57698759.93784471,57315447.21883846,57077346.35290817,57360016.93889696,58000351.94473414
water and waste 36T39,0.0,0.0,0.0,0.0,0.0,0.0,0.0,0.0,0.0,0.0,0.0,0.0,0.0,0.0,0.0,0.0,0.0,0.0,0.0,0.0,0.0,0.0,0.0,0.0,0.0,0.0,0.0,0.0,0.0,0.0,0.0,0.0,0.0,0.0,0.0,0.0
construction 41T43,0.0,0.0,0.0,0.0,0.0,0.0,0.0,0.0,0.0,0.0,0.0,0.0,0.0,0.0,0.0,0.0,0.0,0.0,0.0,0.0,0.0,0.0,0.0,0.0,0.0,0.0,0.0,0.0,0.0,0.0,0.0,0.0,0.0,0.0,0.0,0.0
