Pollutant:,SOX,Unit: grams,,,,,,,,,,,,,,,,,,,,,,,,,,,,,,,,,,
,2015.0,2016.0,2017.0,2018.0,2019.0,2020.0,2021.0,2022.0,2023.0,2024.0,2025.0,2026.0,2027.0,2028.0,2029.0,2030.0,2031.0,2032.0,2033.0,2034.0,2035.0,2036.0,2037.0,2038.0,2039.0,2040.0,2041.0,2042.0,2043.0,2044.0,2045.0,2046.0,2047.0,2048.0,2049.0,2050.0
agriculture and forestry 01T03,0.0,0.0,0.0,0.0,0.0,0.0,0.0,0.0,0.0,0.0,0.0,0.0,0.0,0.0,0.0,0.0,0.0,0.0,0.0,0.0,0.0,0.0,0.0,0.0,0.0,0.0,0.0,0.0,0.0,0.0,0.0,0.0,0.0,0.0,0.0,0.0
coal mining 05,0.0,0.0,0.0,0.0,0.0,0.0,0.0,0.0,0.0,0.0,0.0,0.0,0.0,0.0,0.0,0.0,0.0,0.0,0.0,0.0,0.0,0.0,0.0,0.0,0.0,0.0,0.0,0.0,0.0,0.0,0.0,0.0,0.0,0.0,0.0,0.0
oil and gas extraction 06,0.0,0.0,0.0,0.0,0.0,1627629.029751332,1657067.4511545291,1570074.9173212072,1575142.0949835526,1704455.371032865,1733915.0304069929,1673689.4571763203,1706930.1416426885,1760519.6829792082,1798464.3535640188,1847426.4069411098,1882364.96856838,1911100.7097094064,1924583.3516443772,1929879.7202973643,1943549.0803371388,1941061.362523562,1945613.4158965906,1952947.2832176697,1954681.4056861773,1986995.7878499606,1994339.403873643,2011963.7854007385,2016741.5910835566,2025518.5750952812,2040311.0092408028,2056708.161197244,2064227.7218049027,2055833.4920841109,2065214.3471390544,2083828.5649412128
other mining and quarrying 07T08,0.0,0.0,0.0,0.0,0.0,0.0,0.0,0.0,0.0,0.0,0.0,0.0,0.0,0.0,0.0,0.0,0.0,0.0,0.0,0.0,0.0,0.0,0.0,0.0,0.0,0.0,0.0,0.0,0.0,0.0,0.0,0.0,0.0,0.0,0.0,0.0
food beverage and tobacco 10T12,0.0,0.0,0.0,0.0,0.0,0.0,0.0,0.0,0.0,0.0,0.0,0.0,0.0,0.0,0.0,0.0,0.0,0.0,0.0,0.0,0.0,0.0,0.0,0.0,0.0,0.0,0.0,0.0,0.0,0.0,0.0,0.0,0.0,0.0,0.0,0.0
textiles apparel and leather 13T15,0.0,0.0,0.0,0.0,0.0,0.0,0.0,0.0,0.0,0.0,0.0,0.0,0.0,0.0,0.0,0.0,0.0,0.0,0.0,0.0,0.0,0.0,0.0,0.0,0.0,0.0,0.0,0.0,0.0,0.0,0.0,0.0,0.0,0.0,0.0,0.0
wood products 16,0.0,0.0,0.0,0.0,0.0,0.0,0.0,0.0,0.0,0.0,0.0,0.0,0.0,0.0,0.0,0.0,0.0,0.0,0.0,0.0,0.0,0.0,0.0,0.0,0.0,0.0,0.0,0.0,0.0,0.0,0.0,0.0,0.0,0.0,0.0,0.0
pulp paper and printing 17T18,0.0,0.0,0.0,0.0,0.0,322743722.1633086,327389196.53587836,346866122.29587346,359436921.9500663,355819807.4926938,355518568.03880984,356886884.4593353,356608697.06966174,358096602.88514465,360542384.9391761,362393247.11788917,366012059.7319105,369507959.30974084,371610026.87949944,374297560.2083704,376896097.04617107,377639256.5463899,379082089.02821434,382728406.8768307,382934506.516476,386427935.7501461,391313218.5448413,395047327.91814685,397848088.73385155,399357081.41165227,400630674.21142197,402016200.1351029,401947322.20884573,402532580.7446328,403638073.22341895,404969523.58193904
refined petroleum and coke 19,0.0,0.0,0.0,0.0,0.0,47331010.830728,47466657.10138455,47613465.99285236,44042645.838097416,57626217.86618648,60560132.50721286,63989052.12629217,66631527.971622385,66195587.569413304,64804051.88674549,64437521.1924268,63527181.314642064,65149038.081776224,65516763.97307958,65407004.1891451,66562144.01475335,66674753.923589535,67444832.16361296,66704210.624218844,66755292.167953394,66872082.67910942,66202200.62137137,66807212.664700516,66529772.98797884,66970027.43286781,67180181.59088796,72114837.47931933,72080492.32434055,69007956.74826027,67131480.12733641,67812473.66011792
chemicals 20,0.0,0.0,0.0,0.0,0.0,216048310.0468131,216031231.3675439,204985657.45985356,222839645.77157617,241516526.32788846,221944309.30854166,208065875.7059202,213552021.2316966,219946722.2158852,226576954.02383345,232915518.94830948,237478504.21643165,242082252.3117365,247834652.15344667,252382156.96809736,256522251.69315478,261976655.57882804,267245682.87748927,271638485.7054519,274497040.89115804,278176534.92215115,282245084.4030426,290083187.71702087,297594901.9779121,303362727.7403113,309721717.13136137,312903507.8227215,313834013.2043516,314860680.8159919,319194813.8869133,324648079.3326489
rubber and plastic products 22,0.0,0.0,0.0,0.0,0.0,0.0,0.0,0.0,0.0,0.0,0.0,0.0,0.0,0.0,0.0,0.0,0.0,0.0,0.0,0.0,0.0,0.0,0.0,0.0,0.0,0.0,0.0,0.0,0.0,0.0,0.0,0.0,0.0,0.0,0.0,0.0
glass and glass products 231,0.0,0.0,0.0,0.0,0.0,0.0,0.0,0.0,0.0,0.0,0.0,0.0,0.0,0.0,0.0,0.0,0.0,0.0,0.0,0.0,0.0,0.0,0.0,0.0,0.0,0.0,0.0,0.0,0.0,0.0,0.0,0.0,0.0,0.0,0.0,0.0
cement and other nonmetallic minerals 239,0.0,0.0,0.0,0.0,0.0,991280778.0071716,1037325611.2137345,989140555.5555556,1031095024.6791708,1173114971.0929222,1067657873.1076026,988419292.072686,939328027.4626542,899291252.8979003,887215794.4479985,873513444.3219581,861292830.1736301,850321234.7555918,705443425.8959744,678479929.0141773,648501503.6590308,619898591.4379086,602123486.3086677,587052778.700759,562686774.7270935,546991939.8242869,529961437.1313732,515262168.8967493,504224924.7294769,496073908.5064564,483259685.22242594,475047405.6534929,467677554.0912671,459827818.1126773,454255382.2959978,450120279.3290606
iron and steel 241,0.0,0.0,0.0,0.0,0.0,85894653.76782078,86884429.73523422,102485118.7648456,99759655.96330275,96712899.11976193,90250624.55133909,81193216.94973555,77812787.98591278,78895185.90133838,79151740.85622802,78236424.94331264,76547477.69560628,73705006.06693174,73705372.65461288,74961222.46432549,75304845.8994591,76095193.03658406,76935447.6315102,77654227.81850287,78587485.57100184,79257641.12572297,79488729.67568628,80277633.26521453,81751047.2533241,82606988.95418242,82867436.1584199,82623401.66569565,81654018.57397775,80534776.12964955,80580812.59105772,81337201.53315917
other metals 242,0.0,0.0,0.0,0.0,0.0,81014368.3147262,83485475.38543329,84651482.513089,91951668.3741648,95025145.23656489,93969530.17465633,93551885.48313372,95594032.67634436,99065627.68842335,101916473.28722347,104322706.48628786,105701056.89004183,105918143.64127044,105860131.21796653,106122495.54371187,106770109.52706347,107777052.05784735,108864128.81230533,109712937.79273292,110341060.61719811,111436683.692223,112271164.62894668,112922901.80536473,113992795.08541599,115117259.9063354,115680922.21927366,115864785.0115856,116012037.04329003,116289053.36219473,116584477.95620862,116555733.57859595
metal products except machinery and vehicles 25,0.0,0.0,0.0,0.0,0.0,0.0,0.0,0.0,0.0,0.0,0.0,0.0,0.0,0.0,0.0,0.0,0.0,0.0,0.0,0.0,0.0,0.0,0.0,0.0,0.0,0.0,0.0,0.0,0.0,0.0,0.0,0.0,0.0,0.0,0.0,0.0
computers and electronics 26,0.0,0.0,0.0,0.0,0.0,0.0,0.0,0.0,0.0,0.0,0.0,0.0,0.0,0.0,0.0,0.0,0.0,0.0,0.0,0.0,0.0,0.0,0.0,0.0,0.0,0.0,0.0,0.0,0.0,0.0,0.0,0.0,0.0,0.0,0.0,0.0
appliances and electrical equipment 27,0.0,0.0,0.0,0.0,0.0,0.0,0.0,0.0,0.0,0.0,0.0,0.0,0.0,0.0,0.0,0.0,0.0,0.0,0.0,0.0,0.0,0.0,0.0,0.0,0.0,0.0,0.0,0.0,0.0,0.0,0.0,0.0,0.0,0.0,0.0,0.0
other machinery 28,0.0,0.0,0.0,0.0,0.0,0.0,0.0,0.0,0.0,0.0,0.0,0.0,0.0,0.0,0.0,0.0,0.0,0.0,0.0,0.0,0.0,0.0,0.0,0.0,0.0,0.0,0.0,0.0,0.0,0.0,0.0,0.0,0.0,0.0,0.0,0.0
road vehicles 29,0.0,0.0,0.0,0.0,0.0,0.0,0.0,0.0,0.0,0.0,0.0,0.0,0.0,0.0,0.0,0.0,0.0,0.0,0.0,0.0,0.0,0.0,0.0,0.0,0.0,0.0,0.0,0.0,0.0,0.0,0.0,0.0,0.0,0.0,0.0,0.0
nonroad vehicles 30,0.0,0.0,0.0,0.0,0.0,0.0,0.0,0.0,0.0,0.0,0.0,0.0,0.0,0.0,0.0,0.0,0.0,0.0,0.0,0.0,0.0,0.0,0.0,0.0,0.0,0.0,0.0,0.0,0.0,0.0,0.0,0.0,0.0,0.0,0.0,0.0
other manufacturing 31T33,0.0,0.0,0.0,0.0,0.0,2024779688.090737,2041731691.8714557,2219966272.1661925,2413716232.937124,2374368962.613955,2310108811.9764423,2277419024.4238954,2272746558.576811,2280907870.8069787,2315092657.3616085,2356952353.3367,2397662125.071917,2466565870.350493,2525515548.1274505,2586531525.5434594,2638610082.1921525,2669903834.4834766,2710010479.8670354,2768836291.43267,2804929816.585178,2859157483.599728,2912003375.117298,2956787965.6547375,2992228378.8305464,3027101935.1477647,3067455858.006728,3137309643.1515636,3180946547.9047346,3218701665.6474075,3260385143.292266,3303062622.119976
energy pipelines and gas processing 352T353,0.0,0.0,0.0,0.0,0.0,5482921.830314586,5461945.853193518,6301841.006955946,6890982.051282052,7913687.607863465,8060249.527089464,8106200.278798114,8637168.8774499,9304380.460134352,9408932.532913642,9559534.694926891,9448725.625414532,9252524.238630915,8920590.418738164,8698320.797454955,8607633.076494599,8598789.077676637,8606208.575193416,8500140.732598508,8538839.287419368,8497584.637901908,8410361.721359264,8402452.045955656,8450039.480696209,8491025.89661799,8537178.427454706,8565996.059187435,8509089.199421627,8473740.587398682,8515706.049537497,8610770.607986756
water and waste 36T39,0.0,0.0,0.0,0.0,0.0,0.0,0.0,0.0,0.0,0.0,0.0,0.0,0.0,0.0,0.0,0.0,0.0,0.0,0.0,0.0,0.0,0.0,0.0,0.0,0.0,0.0,0.0,0.0,0.0,0.0,0.0,0.0,0.0,0.0,0.0,0.0
construction 41T43,0.0,0.0,0.0,0.0,0.0,0.0,0.0,0.0,0.0,0.0,0.0,0.0,0.0,0.0,0.0,0.0,0.0,0.0,0.0,0.0,0.0,0.0,0.0,0.0,0.0,0.0,0.0,0.0,0.0,0.0,0.0,0.0,0.0,0.0,0.0,0.0
