Pollutant:,BC,Unit: grams,,,,,,,,,,,,,,,,,,,,,,,,,,,,,,,,,,
,2015.0,2016.0,2017.0,2018.0,2019.0,2020.0,2021.0,2022.0,2023.0,2024.0,2025.0,2026.0,2027.0,2028.0,2029.0,2030.0,2031.0,2032.0,2033.0,2034.0,2035.0,2036.0,2037.0,2038.0,2039.0,2040.0,2041.0,2042.0,2043.0,2044.0,2045.0,2046.0,2047.0,2048.0,2049.0,2050.0
agriculture and forestry 01T03,0.0,0.0,0.0,0.0,0.0,6186.131996658312,6228.738512949039,6271.261487050961,6631.846019247594,6771.651910646209,6843.087748959918,6898.915494343443,6953.282148710125,7002.286178711188,7056.556746042526,7109.273584556285,7096.627062520342,7101.040023086938,7070.836119117586,7057.665205308127,7042.723911290268,7036.9163095439235,7028.81196555019,7029.117288512057,7029.095685377207,7028.883038400787,7026.154537125716,7036.309248590733,7043.439694691846,7053.871978926751,7072.691615126195,7132.905386248898,7194.009867370395,7256.910140854044,7311.372100930168,7367.241986347148
coal mining 05,0.0,0.0,0.0,0.0,0.0,0.0,0.0,0.0,0.0,0.0,0.0,0.0,0.0,0.0,0.0,0.0,0.0,0.0,0.0,0.0,0.0,0.0,0.0,0.0,0.0,0.0,0.0,0.0,0.0,0.0,0.0,0.0,0.0,0.0,0.0,0.0
oil and gas extraction 06,0.0,0.0,0.0,0.0,0.0,5739.65053285968,5843.461811722913,5536.69243489045,5554.561266447368,6010.569976181221,6114.456148357943,5902.077444632057,6019.296976123923,6208.274460468037,6342.0820694258155,6514.741238449519,6637.948142600126,6739.281498627456,6786.826517518052,6805.503565300853,6853.707024567077,6844.934367767953,6860.986671511944,6886.848728963568,6892.963916619034,7006.916947325129,7032.8133824789575,7094.963779758841,7111.812173607824,7142.763219601084,7194.927073264104,7252.749783626152,7279.266667547307,7249.665361470053,7282.74589071265,7348.386834179507
other mining and quarrying 07T08,0.0,0.0,0.0,0.0,0.0,0.0,0.0,0.0,0.0,0.0,0.0,0.0,0.0,0.0,0.0,0.0,0.0,0.0,0.0,0.0,0.0,0.0,0.0,0.0,0.0,0.0,0.0,0.0,0.0,0.0,0.0,0.0,0.0,0.0,0.0,0.0
food beverage and tobacco 10T12,0.0,0.0,0.0,0.0,0.0,0.0,0.0,0.0,0.0,0.0,0.0,0.0,0.0,0.0,0.0,0.0,0.0,0.0,0.0,0.0,0.0,0.0,0.0,0.0,0.0,0.0,0.0,0.0,0.0,0.0,0.0,0.0,0.0,0.0,0.0,0.0
textiles apparel and leather 13T15,0.0,0.0,0.0,0.0,0.0,0.0,0.0,0.0,0.0,0.0,0.0,0.0,0.0,0.0,0.0,0.0,0.0,0.0,0.0,0.0,0.0,0.0,0.0,0.0,0.0,0.0,0.0,0.0,0.0,0.0,0.0,0.0,0.0,0.0,0.0,0.0
wood products 16,0.0,0.0,0.0,0.0,0.0,0.0,0.0,0.0,0.0,0.0,0.0,0.0,0.0,0.0,0.0,0.0,0.0,0.0,0.0,0.0,0.0,0.0,0.0,0.0,0.0,0.0,0.0,0.0,0.0,0.0,0.0,0.0,0.0,0.0,0.0,0.0
pulp paper and printing 17T18,0.0,0.0,0.0,0.0,0.0,14272873.80699894,14478313.184870979,15339652.025661914,15895577.438911544,15735615.78931073,15722293.910632022,15782805.723123053,15770503.288606605,15836303.768934278,15944464.938987805,16026316.638949154,16186353.387068974,16340954.484130949,16433915.378787074,16552767.648934929,16667684.178124618,16700549.33098955,16764356.508398566,16925609.63569309,16934724.093841515,17089215.943509854,17305260.501628038,17470396.08198722,17594255.673796456,17660988.690078136,17717311.48759306,17778584.36544324,17775538.33888394,17801420.55022415,17850309.354438655,17909190.81871645
refined petroleum and coke 19,0.0,0.0,0.0,0.0,0.0,878698.1464939704,881216.41357749,883941.914228278,817649.7941916304,1069828.214942794,1124296.2119661686,1187953.9547626886,1237011.4032873102,1228918.1887820705,1203084.3896791232,1196279.763365884,1179379.3433399994,1209489.0433051279,1216315.858398127,1214278.1728086993,1235723.2931618947,1237813.8911954984,1252110.360049374,1238360.7535546685,1239309.0801805272,1241477.2909133993,1229040.959802511,1240272.9819323816,1235122.3264652693,1243295.6309842286,1247197.133738748,1338808.804536515,1338171.188236098,1281129.6996147358,1246292.9931974162,1258935.6083566302
chemicals 20,0.0,0.0,0.0,0.0,0.0,1258543.0320489737,955999.7633937503,898144.0250757319,977323.5701359253,1083091.6717616343,972197.0515463351,895939.5743787045,930483.2025931453,969141.5192125284,1007632.7655195345,1042428.4143789301,1067484.9834519036,1091631.5708415257,1125956.3086371585,1153909.4571347586,1178220.5960386225,1211161.1578907466,1242481.8308226387,1267827.3478754438,1286037.291431785,1307214.6246996834,1329603.8376903168,1372868.3157285445,1416612.4454159904,1450203.1688206394,1488121.3942412282,1505546.7262641108,1512966.3605313553,1519651.2134446201,1543691.9416355758,1574457.8256759415
rubber and plastic products 22,0.0,0.0,0.0,0.0,0.0,0.0,0.0,0.0,0.0,0.0,0.0,0.0,0.0,0.0,0.0,0.0,0.0,0.0,0.0,0.0,0.0,0.0,0.0,0.0,0.0,0.0,0.0,0.0,0.0,0.0,0.0,0.0,0.0,0.0,0.0,0.0
glass and glass products 231,0.0,0.0,0.0,0.0,0.0,0.0,0.0,0.0,0.0,0.0,0.0,0.0,0.0,0.0,0.0,0.0,0.0,0.0,0.0,0.0,0.0,0.0,0.0,0.0,0.0,0.0,0.0,0.0,0.0,0.0,0.0,0.0,0.0,0.0,0.0,0.0
cement and other nonmetallic minerals 239,0.0,0.0,0.0,0.0,0.0,7151738.563511899,7483935.673150059,7136297.6190476185,7438984.205330702,8463607.652177937,7702772.164200579,7131093.959318373,6776917.929648008,6488066.828157861,6400946.686433875,6302089.099379524,6213921.710872207,6134765.548667406,5089523.639809433,4894991.591236526,4678707.905077715,4472348.057394819,4344106.990238413,4235377.190195712,4059585.1299406234,3946352.4732477264,3823483.4480763115,3717433.451121558,3637803.6565191965,3578996.9709187974,3486546.903435305,3427298.224563964,3374127.364405769,3317494.3087095516,3277291.1644470785,3247457.865941895
iron and steel 241,0.0,0.0,0.0,0.0,0.0,1438302.2985161478,1454876.0546988652,1716108.9243298268,1670471.1664482306,1619453.3535942452,1511242.8427220643,1359576.9403575505,1302971.8021404573,1321096.5088756855,1325392.5106071893,1310065.584847954,1281784.2355218953,1234187.1698414101,1234193.3083364305,1255222.4596126343,1260976.419316723,1274210.7482777,1288280.775482044,1300316.7189282326,1315944.0800228552,1327165.8060842257,1331035.3739559518,1344245.530774247,1368917.7848995416,1383250.4920208494,1387611.6693009804,1383525.3221721908,1367293.0438195781,1348551.3770259086,1349322.2556004692,1361987.9560401894
other metals 242,0.0,0.0,0.0,0.0,0.0,451202.8176501861,464965.44391281233,471459.42408376967,512117.20489977725,529234.6798507668,523355.51915131183,521029.48161609843,532403.0513519448,551737.8123798307,567615.3609384659,581016.677543485,588693.2860120848,589902.3327017823,589579.2373126812,591040.4537053996,594647.2861737182,600255.3692403723,606309.7532319626,611037.1245808061,614535.4026532595,620637.3846697501,625284.9571653148,628914.753416084,634873.4354694794,641136.0492020998,644275.3197918914,645299.3283928089,646119.4363933015,647662.2558489727,649307.598668957,649147.5092374128
metal products except machinery and vehicles 25,0.0,0.0,0.0,0.0,0.0,0.0,0.0,0.0,0.0,0.0,0.0,0.0,0.0,0.0,0.0,0.0,0.0,0.0,0.0,0.0,0.0,0.0,0.0,0.0,0.0,0.0,0.0,0.0,0.0,0.0,0.0,0.0,0.0,0.0,0.0,0.0
computers and electronics 26,0.0,0.0,0.0,0.0,0.0,0.0,0.0,0.0,0.0,0.0,0.0,0.0,0.0,0.0,0.0,0.0,0.0,0.0,0.0,0.0,0.0,0.0,0.0,0.0,0.0,0.0,0.0,0.0,0.0,0.0,0.0,0.0,0.0,0.0,0.0,0.0
appliances and electrical equipment 27,0.0,0.0,0.0,0.0,0.0,0.0,0.0,0.0,0.0,0.0,0.0,0.0,0.0,0.0,0.0,0.0,0.0,0.0,0.0,0.0,0.0,0.0,0.0,0.0,0.0,0.0,0.0,0.0,0.0,0.0,0.0,0.0,0.0,0.0,0.0,0.0
other machinery 28,0.0,0.0,0.0,0.0,0.0,0.0,0.0,0.0,0.0,0.0,0.0,0.0,0.0,0.0,0.0,0.0,0.0,0.0,0.0,0.0,0.0,0.0,0.0,0.0,0.0,0.0,0.0,0.0,0.0,0.0,0.0,0.0,0.0,0.0,0.0,0.0
road vehicles 29,0.0,0.0,0.0,0.0,0.0,0.0,0.0,0.0,0.0,0.0,0.0,0.0,0.0,0.0,0.0,0.0,0.0,0.0,0.0,0.0,0.0,0.0,0.0,0.0,0.0,0.0,0.0,0.0,0.0,0.0,0.0,0.0,0.0,0.0,0.0,0.0
nonroad vehicles 30,0.0,0.0,0.0,0.0,0.0,0.0,0.0,0.0,0.0,0.0,0.0,0.0,0.0,0.0,0.0,0.0,0.0,0.0,0.0,0.0,0.0,0.0,0.0,0.0,0.0,0.0,0.0,0.0,0.0,0.0,0.0,0.0,0.0,0.0,0.0,0.0
other manufacturing 31T33,0.0,0.0,0.0,0.0,0.0,21530175.488342784,21710431.947069943,23605661.24752549,25665870.89936725,25247477.90578487,24564177.728352934,24216576.027870316,24166892.09917293,24253674.125664093,24617172.66226131,25062281.13778253,25495162.075251874,26227839.183965195,26854671.28574113,27503475.05885592,28057244.177748676,28390001.357447695,28816469.045974832,29441984.035927437,29825778.843380865,30402400.18841599,30964328.64162172,31440538.52219094,31817388.566441443,32188211.027684283,32617308.102248378,33360087.310050227,33824093.45483222,34225556.54504588,34668791.23074372,35122595.471256934
energy pipelines and gas processing 352T353,0.0,0.0,0.0,0.0,0.0,1162278.360343184,1157831.839847474,1335874.1305067905,1460761.1721611721,1677555.898441103,1708624.3237148179,1718365.0360585866,1830920.5915331591,1972357.1482312453,1994520.260433307,2026445.1427033965,2002955.6625302692,1961364.5851475673,1891000.7339260632,1843883.671349899,1824659.5461693623,1822784.781442973,1824357.5781516002,1801873.1506890848,1810076.530973691,1801331.3057303578,1782841.6552190143,1781164.9498339181,1791252.6088111782,1799940.9734766239,1809724.459276112,1815833.266002866,1803770.0607068895,1796276.8065453423,1805172.7109618655,1825324.6450110173
water and waste 36T39,0.0,0.0,0.0,0.0,0.0,0.0,0.0,0.0,0.0,0.0,0.0,0.0,0.0,0.0,0.0,0.0,0.0,0.0,0.0,0.0,0.0,0.0,0.0,0.0,0.0,0.0,0.0,0.0,0.0,0.0,0.0,0.0,0.0,0.0,0.0,0.0
construction 41T43,0.0,0.0,0.0,0.0,0.0,0.0,0.0,0.0,0.0,0.0,0.0,0.0,0.0,0.0,0.0,0.0,0.0,0.0,0.0,0.0,0.0,0.0,0.0,0.0,0.0,0.0,0.0,0.0,0.0,0.0,0.0,0.0,0.0,0.0,0.0,0.0
