Imported Electricity (MW*hour),2020.0,2021.0,2022.0,2023.0,2024.0,2025.0,2026.0,2027.0,2028.0,2029.0,2030.0,2031.0,2032.0,2033.0,2034.0,2035.0,2036.0,2037.0,2038.0,2039.0,2040.0,2041.0,2042.0,2043.0,2044.0,2045.0,2046.0,2047.0,2048.0,2049.0,2050.0
hard coal,677951.0,677951.0,677951.0,218162.0,187529.0,158440.0,147562.0,175898.0,72480.5,70799.2,65553.7,65553.7,65553.7,65553.7,65553.7,65553.7,65553.7,65553.7,65553.7,65553.7,65553.7,65553.7,65553.7,65553.7,65553.7,65553.7,65553.7,65553.7,65553.7,65553.7,65553.7
natural gas steam turbine,10264300.0,10264300.0,10264300.0,8263760.0,7178170.0,5883080.0,5589150.0,5414710.0,5112360.0,4720570.0,3686990.0,3686990.0,3686990.0,3686990.0,3686990.0,3686990.0,3686990.0,3686990.0,3686990.0,3686990.0,3686990.0,3686990.0,3686990.0,3686990.0,3686990.0,3686990.0,3686990.0,3686990.0,3686990.0,3686990.0,3686990.0
natural gas combined cycle,0.0,0.0,0.0,0.0,0.0,0.0,0.0,0.0,0.0,0.0,0.0,0.0,0.0,0.0,0.0,0.0,0.0,0.0,0.0,0.0,0.0,0.0,0.0,0.0,0.0,0.0,0.0,0.0,0.0,0.0,0.0
nuclear,8812100.0,8812100.0,8812100.0,7956330.0,7372500.0,7714710.0,7077630.0,7115320.0,7267570.0,7366620.0,7604890.0,7604890.0,7604890.0,7604890.0,7604890.0,7604890.0,7604890.0,7604890.0,7604890.0,7604890.0,7604890.0,7604890.0,7604890.0,7604890.0,7604890.0,7604890.0,7604890.0,7604890.0,7604890.0,7604890.0,7604890.0
hydro,8628470.0,8628470.0,8628470.0,4077140.0,4173160.0,4138060.0,3415260.0,3205790.0,3180570.0,3037870.0,2997040.0,2997040.0,2997040.0,2997040.0,2997040.0,2997040.0,2997040.0,2997040.0,2997040.0,2997040.0,2997040.0,2997040.0,2997040.0,2997040.0,2997040.0,2997040.0,2997040.0,2997040.0,2997040.0,2997040.0,2997040.0
onshore wind,1483520.0,1483520.0,1483520.0,7667250.0,8034640.0,8354250.0,10062300.0,10302900.0,10386800.0,10765700.0,10943500.0,10943500.0,10943500.0,10943500.0,10943500.0,10943500.0,10943500.0,10943500.0,10943500.0,10943500.0,10943500.0,10943500.0,10943500.0,10943500.0,10943500.0,10943500.0,10943500.0,10943500.0,10943500.0,10943500.0,10943500.0
solar PV,916341.0,916341.0,916341.0,2340180.0,1529460.0,1520770.0,1328660.0,1327240.0,1360180.0,1368390.0,1592700.0,1592700.0,1592700.0,1592700.0,1592700.0,1592700.0,1592700.0,1592700.0,1592700.0,1592700.0,1592700.0,1592700.0,1592700.0,1592700.0,1592700.0,1592700.0,1592700.0,1592700.0,1592700.0,1592700.0,1592700.0
solar thermal,0.0,0.0,0.0,0.0,0.0,0.0,0.0,0.0,0.0,0.0,0.0,0.0,0.0,0.0,0.0,0.0,0.0,0.0,0.0,0.0,0.0,0.0,0.0,0.0,0.0,0.0,0.0,0.0,0.0,0.0,0.0
biomass,816287.0,816287.0,816287.0,860206.0,540016.0,523704.0,484483.0,463100.0,437408.0,422235.0,446073.0,446073.0,446073.0,446073.0,446073.0,446073.0,446073.0,446073.0,446073.0,446073.0,446073.0,446073.0,446073.0,446073.0,446073.0,446073.0,446073.0,446073.0,446073.0,446073.0,446073.0
geothermal,0.0,0.0,0.0,0.0,0.0,0.0,0.0,0.0,0.0,0.0,0.0,0.0,0.0,0.0,0.0,0.0,0.0,0.0,0.0,0.0,0.0,0.0,0.0,0.0,0.0,0.0,0.0,0.0,0.0,0.0,0.0
petroleum,308831.0,308831.0,308831.0,375605.0,132679.0,120919.0,115494.0,112057.0,107682.0,105100.0,94311.6,94311.6,94311.6,94311.6,94311.6,94311.6,94311.6,94311.6,94311.6,94311.6,94311.6,94311.6,94311.6,94311.6,94311.6,94311.6,94311.6,94311.6,94311.6,94311.6,94311.6
natural gas peaker,0.0,0.0,0.0,0.0,0.0,0.0,0.0,0.0,0.0,0.0,0.0,0.0,0.0,0.0,0.0,0.0,0.0,0.0,0.0,0.0,0.0,0.0,0.0,0.0,0.0,0.0,0.0,0.0,0.0,0.0,0.0
lignite,0.0,0.0,0.0,0.0,0.0,0.0,0.0,0.0,0.0,0.0,0.0,0.0,0.0,0.0,0.0,0.0,0.0,0.0,0.0,0.0,0.0,0.0,0.0,0.0,0.0,0.0,0.0,0.0,0.0,0.0,0.0
offshore wind,158024.0,158024.0,158024.0,307201.0,2917690.0,4591480.0,4784870.0,4888360.0,5080410.0,5148170.0,5574310.0,5574310.0,5574310.0,5574310.0,5574310.0,5574310.0,5574310.0,5574310.0,5574310.0,5574310.0,5574310.0,5574310.0,5574310.0,5574310.0,5574310.0,5574310.0,5574310.0,5574310.0,5574310.0,5574310.0,5574310.0
crude oil,0.0,0.0,0.0,0.0,0.0,0.0,0.0,0.0,0.0,0.0,0.0,0.0,0.0,0.0,0.0,0.0,0.0,0.0,0.0,0.0,0.0,0.0,0.0,0.0,0.0,0.0,0.0,0.0,0.0,0.0,0.0
heavy or residual fuel oil,0.0,0.0,0.0,0.0,0.0,0.0,0.0,0.0,0.0,0.0,0.0,0.0,0.0,0.0,0.0,0.0,0.0,0.0,0.0,0.0,0.0,0.0,0.0,0.0,0.0,0.0,0.0,0.0,0.0,0.0,0.0
municipal solid waste,0.0,0.0,0.0,0.0,0.0,0.0,0.0,0.0,0.0,0.0,0.0,0.0,0.0,0.0,0.0,0.0,0.0,0.0,0.0,0.0,0.0,0.0,0.0,0.0,0.0,0.0,0.0,0.0,0.0,0.0,0.0
hard coal w CCS,0.0,0.0,0.0,0.0,0.0,0.0,0.0,0.0,0.0,0.0,0.0,0.0,0.0,0.0,0.0,0.0,0.0,0.0,0.0,0.0,0.0,0.0,0.0,0.0,0.0,0.0,0.0,0.0,0.0,0.0,0.0
natural gas combined cycle w CCS,0.0,0.0,0.0,0.0,0.0,0.0,0.0,0.0,0.0,0.0,0.0,0.0,0.0,0.0,0.0,0.0,0.0,0.0,0.0,0.0,0.0,0.0,0.0,0.0,0.0,0.0,0.0,0.0,0.0,0.0,0.0
biomass w CCS,0.0,0.0,0.0,0.0,0.0,0.0,0.0,0.0,0.0,0.0,0.0,0.0,0.0,0.0,0.0,0.0,0.0,0.0,0.0,0.0,0.0,0.0,0.0,0.0,0.0,0.0,0.0,0.0,0.0,0.0,0.0
lignite w CCS,0.0,0.0,0.0,0.0,0.0,0.0,0.0,0.0,0.0,0.0,0.0,0.0,0.0,0.0,0.0,0.0,0.0,0.0,0.0,0.0,0.0,0.0,0.0,0.0,0.0,0.0,0.0,0.0,0.0,0.0,0.0
small modular reactor,0.0,0.0,0.0,0.0,0.0,0.0,0.0,0.0,0.0,0.0,0.0,0.0,0.0,0.0,0.0,0.0,0.0,0.0,0.0,0.0,0.0,0.0,0.0,0.0,0.0,0.0,0.0,0.0,0.0,0.0,0.0
hydrogen combustion turbine,0.0,0.0,0.0,0.0,0.0,0.0,0.0,0.0,0.0,0.0,0.0,0.0,0.0,0.0,0.0,0.0,0.0,0.0,0.0,0.0,0.0,0.0,0.0,0.0,0.0,0.0,0.0,0.0,0.0,0.0,0.0
hydrogen combined cycle,0.0,0.0,0.0,0.0,0.0,0.0,0.0,0.0,0.0,0.0,0.0,0.0,0.0,0.0,0.0,0.0,0.0,0.0,0.0,0.0,0.0,0.0,0.0,0.0,0.0,0.0,0.0,0.0,0.0,0.0,0.0
,,,,,,,,,,,,,,,,,,,,,,,,,,,,,,,
,,,,,,,,,,,,,,,,,,,,,,,,,,,,,,,
,,,,,,,,,,,,,,,,,,,,,,,,,,,,,,,
