Unit: incidents / ton pollutant,2024.0,2025.0,2026.0,2027.0,2028.0,2029.0,2030.0,2031.0,2032.0,2033.0,2034.0,2035.0,2036.0,2037.0,2038.0,2039.0,2040.0,2041.0,2042.0,2043.0,2044.0,2045.0,2046.0,2047.0,2048.0,2049.0,2050.0
Premature mortality,0.0327337,0.0331398,0.0335459,0.033952,0.0343582,0.035149,0.0359398,0.0364598,0.0369799,0.0375,0.0380201,0.0385402,0.0389447,0.0393491,0.0397535,0.040158,0.0405624,0.0407773,0.0409923,0.0412073,0.0414222,0.0416372,0.0416758,0.0417143,0.0417529,0.0417915,0.0418301
Infant mortality,5.20507e-05,5.15999e-05,5.1149e-05,5.06982e-05,5.02474e-05,3.34127e-05,1.6578e-05,1.647e-05,1.63619e-05,1.62539e-05,1.61459e-05,1.60378e-05,1.59702e-05,1.59027e-05,1.58351e-05,1.57675e-05,1.56999e-05,1.56155e-05,1.55311e-05,1.54467e-05,1.53623e-05,1.52779e-05,1.5187e-05,1.50962e-05,1.50053e-05,1.49145e-05,1.48236e-05
Asthma symptoms albuturol use,6.06925,6.13105,6.19285,6.25465,6.31645,6.38775,6.45904,6.51006,6.56108,6.6121,6.66312,6.71414,6.73525,6.75635,6.77746,6.79857,6.81968,6.84559,6.8715,6.8974,6.92331,6.94922,6.97809,7.00696,7.03583,7.0647,7.09357
Asthma symptoms chest tightness,0.0,0.0,0.0,0.0,0.0,0.0,0.0,0.0,0.0,0.0,0.0,0.0,0.0,0.0,0.0,0.0,0.0,0.0,0.0,0.0,0.0,0.0,0.0,0.0,0.0,0.0,0.0
Asthma symptoms cough,0.0758364,0.0758364,0.0758364,0.0758364,0.0758364,0.0758364,0.0758364,0.0758364,0.0758364,0.0758364,0.0758364,0.0758364,0.0758364,0.0758364,0.0758364,0.0758364,0.0758364,0.0758364,0.0758364,0.0758364,0.0758364,0.0758364,0.0758364,0.0758364,0.0758364,0.0758364,0.0758364
Asthma symptoms shortness of breath,0.102121,0.102121,0.102121,0.102121,0.102121,0.102121,0.102121,0.102121,0.102121,0.102121,0.102121,0.102121,0.102121,0.102121,0.102121,0.102121,0.102121,0.102121,0.102121,0.102121,0.102121,0.102121,0.102121,0.102121,0.102121,0.102121,0.102121
Asthma symptoms wheeze,0.156037,0.156037,0.156037,0.156037,0.156037,0.156037,0.156037,0.156037,0.156037,0.156037,0.156037,0.156037,0.156037,0.156037,0.156037,0.156037,0.156037,0.156037,0.156037,0.156037,0.156037,0.156037,0.156037,0.156037,0.156037,0.156037,0.156037
Asthma incidence,0.0328675,0.0330807,0.0332938,0.033507,0.0337202,0.0339108,0.0341014,0.0342586,0.0344159,0.0345731,0.0347303,0.0348875,0.0350347,0.035182,0.0353293,0.0354765,0.0356238,0.035766,0.0359082,0.0360503,0.0361925,0.0363347,0.0364663,0.0365978,0.0367294,0.0368609,0.0369925
Hay fever rhinitis incidence,0.209212,0.211127,0.213042,0.214958,0.216873,0.218939,0.221005,0.222549,0.224092,0.225635,0.227179,0.228722,0.229508,0.230294,0.23108,0.231866,0.232652,0.233556,0.23446,0.235365,0.236269,0.237173,0.238126,0.239078,0.24003,0.240983,0.241935
Respiratory emergency room visits,0.00978189,0.00987409,0.00996629,0.0100585,0.0101507,0.0102456,0.0103405,0.0104291,0.0105177,0.0106064,0.010695,0.0107836,0.0108579,0.0109322,0.0110066,0.0110809,0.0111552,0.0112187,0.0112822,0.0113457,0.0114092,0.0114727,0.0115319,0.0115911,0.0116504,0.0117096,0.0117688
Respiratory hospital admissions,0.00260245,0.00261745,0.00263245,0.00264745,0.00266245,0.00267864,0.00269482,0.00271022,0.00272561,0.00274101,0.00275641,0.0027718,0.00278288,0.00279395,0.00280502,0.0028161,0.00282717,0.00283772,0.00284827,0.00285882,0.00286937,0.00287992,0.00289011,0.0029003,0.00291049,0.00292068,0.00293088
Non-fatal heart attacks,0.0154553,0.0159049,0.0163544,0.0168039,0.0172535,0.0176777,0.0181018,0.0184431,0.0187844,0.0191256,0.0194669,0.0198082,0.0200287,0.0202491,0.0204696,0.0206901,0.0209105,0.0210271,0.0211438,0.0212604,0.021377,0.0214936,0.0215823,0.0216711,0.0217598,0.0218486,0.0219373
Minor restricted activity days,11.3974,11.4257,11.4541,11.4824,11.5107,11.5523,11.5939,11.6646,11.7353,11.806,11.8767,11.9474,12.0434,12.1395,12.2356,12.3316,12.4277,12.5243,12.621,12.7176,12.8143,12.9109,12.9949,13.0788,13.1627,13.2466,13.3306
Work loss days,1.9427,1.9488,1.9549,1.96099,1.96709,1.97506,1.98303,1.99473,2.00643,2.01814,2.02984,2.04154,2.05626,2.07097,2.08569,2.1004,2.11512,2.13137,2.14763,2.16388,2.18013,2.19639,2.21081,2.22523,2.23966,2.25408,2.26851
Lung cancer incidence,0.000911709,0.0009295,0.000947291,0.000965083,0.000982874,0.00100171,0.00102054,0.00104074,0.00106093,0.00108113,0.00110132,0.00112151,0.00113861,0.0011557,0.00117279,0.00118988,0.00120697,0.00121564,0.00122431,0.00123298,0.00124165,0.00125032,0.00125452,0.00125871,0.0012629,0.0012671,0.00127129
Cardiovascular hospital admissions,0.00369798,0.0038085,0.00391901,0.00402953,0.00414005,0.00424595,0.00435184,0.0044425,0.00453315,0.00462381,0.00471446,0.00480512,0.00486565,0.00492619,0.00498672,0.00504725,0.00510779,0.00513996,0.00517212,0.00520429,0.00523645,0.00526862,0.00529037,0.00531212,0.00533387,0.00535562,0.00537737
Alzheimers disease hospital admissions,0.0064629,0.00667322,0.00688353,0.00709385,0.00730417,0.00752731,0.00775046,0.00797367,0.00819689,0.00842011,0.00864333,0.00886655,0.00902745,0.00918834,0.00934924,0.00951014,0.00967104,0.00974886,0.00982669,0.00990451,0.00998234,0.0100602,0.0100839,0.0101077,0.0101315,0.0101553,0.0101791
Parkinsons disease hospital admissions,0.000850997,0.000873146,0.000895296,0.000917445,0.000939595,0.000958157,0.000976718,0.000988889,0.00100106,0.00101323,0.0010254,0.00103757,0.00104359,0.00104961,0.00105563,0.00106164,0.00106766,0.00107124,0.00107481,0.00107839,0.00108197,0.00108554,0.00109073,0.00109591,0.00110109,0.00110627,0.00111146
Stroke incidence,0.000782203,0.000802822,0.000823441,0.000844059,0.000864678,0.000881734,0.00089879,0.000909292,0.000919794,0.000930296,0.000940798,0.0009513,0.000956275,0.00096125,0.000966225,0.0009712,0.000976175,0.000978948,0.00098172,0.000984493,0.000987265,0.000990037,0.000994886,0.000999734,0.00100458,0.00100943,0.00101428
Out of hospital cardiac arrest incidence,0.00018553,0.000188283,0.000191036,0.000193789,0.000196542,0.000199128,0.000201714,0.000203749,0.000205784,0.00020782,0.000209855,0.00021189,0.000213289,0.000214688,0.000216087,0.000217486,0.000218885,0.000220008,0.000221131,0.000222254,0.000223377,0.0002245,0.000225739,0.000226979,0.000228218,0.000229458,0.000230697
Cardiac emergency room visits,0.0039914,0.00406438,0.00413736,0.00421033,0.00428331,0.00435481,0.00442631,0.00449564,0.00456497,0.0046343,0.00470363,0.00477296,0.00482874,0.00488451,0.00494029,0.00499606,0.00505184,0.00509068,0.00512953,0.00516838,0.00520723,0.00524607,0.00527522,0.00530436,0.00533351,0.00536266,0.0053918
School loss days,0.0,0.0,0.0,0.0,0.0,0.0,0.0,0.0,0.0,0.0,0.0,0.0,0.0,0.0,0.0,0.0,0.0,0.0,0.0,0.0,0.0,0.0,0.0,0.0,0.0,0.0,0.0
,,,,,,,,,,,,,,,,,,,,,,,,,,,
Data for lookup functions (based on sheet name),,,,,,,,,,,,,,,,,,,,,,,,,,,
sector pollutant,buildings PM25,,,,,,,,,,,,,,,,,,,,,,,,,,
